state,ag_dist,county,num_owp,cv
ALABAMA,BLACK BELT,AUTAUGA,8,99.95
ALABAMA,BLACK BELT,BULLOCK,2,99.95
ALABAMA,BLACK BELT,DALLAS,7,99.95
ALABAMA,BLACK BELT,ELMORE,11,99.95
ALABAMA,BLACK BELT,GREENE,9,99.95
ALABAMA,BLACK BELT,HALE,1,99.95
ALABAMA,BLACK BELT,LOWNDES,6,99.95
ALABAMA,BLACK BELT,MACON,16,99.95
ALABAMA,BLACK BELT,MARENGO,3,99.95
ALABAMA,BLACK BELT,MONTGOMERY,3,99.95
ALABAMA,BLACK BELT,PERRY,3,99.95
ALABAMA,BLACK BELT,SUMTER,3,99.95
ALABAMA,COASTAL PLAINS & GULF COAST,BALDWIN,25,99.95
ALABAMA,COASTAL PLAINS & GULF COAST,BUTLER,10,99.95
ALABAMA,COASTAL PLAINS & GULF COAST,CHOCTAW,1,99.95
ALABAMA,COASTAL PLAINS & GULF COAST,CONECUH,5,99.95
ALABAMA,COASTAL PLAINS & GULF COAST,ESCAMBIA,9,99.95
ALABAMA,COASTAL PLAINS & GULF COAST,MOBILE,28,99.95
ALABAMA,COASTAL PLAINS & GULF COAST,MONROE,16,99.95
ALABAMA,COASTAL PLAINS & GULF COAST,WASHINGTON,3,99.95
ALABAMA,MOUNTAINS & EASTERN VALLEY,BLOUNT,18,99.95
ALABAMA,MOUNTAINS & EASTERN VALLEY,CALHOUN,27,99.95
ALABAMA,MOUNTAINS & EASTERN VALLEY,CHEROKEE,13,99.95
ALABAMA,MOUNTAINS & EASTERN VALLEY,CLEBURNE,8,99.95
ALABAMA,MOUNTAINS & EASTERN VALLEY,CULLMAN,20,99.95
ALABAMA,MOUNTAINS & EASTERN VALLEY,DE KALB,4,99.95
ALABAMA,MOUNTAINS & EASTERN VALLEY,ETOWAH,20,99.95
ALABAMA,MOUNTAINS & EASTERN VALLEY,JACKSON,7,99.95
ALABAMA,MOUNTAINS & EASTERN VALLEY,MARSHALL,11,99.95
ALABAMA,MOUNTAINS & EASTERN VALLEY,SAINT CLAIR,8,99.95
ALABAMA,NORTHERN VALLEY,COLBERT,5,99.95
ALABAMA,NORTHERN VALLEY,FRANKLIN,5,99.95
ALABAMA,NORTHERN VALLEY,LAUDERDALE,15,99.95
ALABAMA,NORTHERN VALLEY,LAWRENCE,12,99.95
ALABAMA,NORTHERN VALLEY,LIMESTONE,41,99.95
ALABAMA,NORTHERN VALLEY,MADISON,37,99.95
ALABAMA,NORTHERN VALLEY,MARION,3,99.95
ALABAMA,NORTHERN VALLEY,MORGAN,3,99.95
ALABAMA,NORTHERN VALLEY,WINSTON,21,99.95
ALABAMA,UPPER PLAINS & PIEDMONT,BIBB,7,99.95
ALABAMA,UPPER PLAINS & PIEDMONT,CHAMBERS,5,99.95
ALABAMA,UPPER PLAINS & PIEDMONT,CHILTON,5,99.95
ALABAMA,UPPER PLAINS & PIEDMONT,CLAY,7,99.95
ALABAMA,UPPER PLAINS & PIEDMONT,COOSA,2,99.95
ALABAMA,UPPER PLAINS & PIEDMONT,FAYETTE,17,99.95
ALABAMA,UPPER PLAINS & PIEDMONT,JEFFERSON,12,99.95
ALABAMA,UPPER PLAINS & PIEDMONT,LAMAR,5,99.95
ALABAMA,UPPER PLAINS & PIEDMONT,LEE,4,99.95
ALABAMA,UPPER PLAINS & PIEDMONT,PICKENS,3,99.95
ALABAMA,UPPER PLAINS & PIEDMONT,RANDOLPH,9,99.95
ALABAMA,UPPER PLAINS & PIEDMONT,SHELBY,17,99.95
ALABAMA,UPPER PLAINS & PIEDMONT,TALLADEGA,7,99.95
ALABAMA,UPPER PLAINS & PIEDMONT,TALLAPOOSA,11,99.95
ALABAMA,UPPER PLAINS & PIEDMONT,TUSCALOOSA,23,99.95
ALABAMA,UPPER PLAINS & PIEDMONT,WALKER,8,99.95
ALABAMA,WIREGRASS,BARBOUR,3,99.95
ALABAMA,WIREGRASS,COFFEE,12,99.95
ALABAMA,WIREGRASS,COVINGTON,12,99.95
ALABAMA,WIREGRASS,CRENSHAW,14,99.95
ALABAMA,WIREGRASS,DALE,13,99.95
ALABAMA,WIREGRASS,GENEVA,8,99.95
ALABAMA,WIREGRASS,HENRY,6,99.95
ALABAMA,WIREGRASS,HOUSTON,17,99.95
ALABAMA,WIREGRASS,PIKE,9,99.95
ALABAMA,WIREGRASS,RUSSELL,3,99.95
ALASKA,KENAI PENINSULA,KENAI PENINSULA,24,4.1
ALASKA,MATANUSKA-SUSITNA-ANCHORAGE,ANCHORAGE,33,0.05
ALASKA,TANANA VALLEY,FAIRBANKS NORTH STAR,29,4.1
ARIZONA,NORTHERN,APACHE,7,62.7
ARIZONA,NORTHERN,COCONINO,6,62.7
ARIZONA,NORTHERN,GILA,1,62.7
ARIZONA,NORTHERN,MOHAVE,9,62.7
ARIZONA,NORTHERN,NAVAJO,4,62.7
ARIZONA,NORTHERN,YAVAPAI,21,62.7
ARIZONA,SOUTHERN,COCHISE,8,62.7
ARIZONA,SOUTHERN,GRAHAM,2,62.7
ARIZONA,SOUTHERN,LAPAZ,3,62.7
ARIZONA,SOUTHERN,MARICOPA,52,62.7
ARIZONA,SOUTHERN,PIMA,17,62.7
ARIZONA,SOUTHERN,PINAL,18,62.7
ARIZONA,SOUTHERN,SANTA CRUZ,5,62.7
ARIZONA,SOUTHERN,YUMA,9,62.7
ARKANSAS,CENTRAL,CONWAY,10,99.95
ARKANSAS,CENTRAL,FAULKNER,17,99.95
ARKANSAS,CENTRAL,GARLAND,11,99.95
ARKANSAS,CENTRAL,HOT SPRING,11,99.95
ARKANSAS,CENTRAL,PERRY,3,99.95
ARKANSAS,CENTRAL,PULASKI,9,99.95
ARKANSAS,CENTRAL,SALINE,10,99.95
ARKANSAS,EAST CENTRAL,ARKANSAS,2,99.95
ARKANSAS,EAST CENTRAL,CRITTENDEN,7,99.95
ARKANSAS,EAST CENTRAL,CROSS,1,99.95
ARKANSAS,EAST CENTRAL,LONOKE,9,99.95
ARKANSAS,EAST CENTRAL,PRAIRIE,1,99.95
ARKANSAS,EAST CENTRAL,WOODRUFF,1,99.95
ARKANSAS,NORTH CENTRAL,BAXTER,7,99.95
ARKANSAS,NORTH CENTRAL,CLEBURNE,7,99.95
ARKANSAS,NORTH CENTRAL,FULTON,20,99.95
ARKANSAS,NORTH CENTRAL,IZARD,4,99.95
ARKANSAS,NORTH CENTRAL,MARION,18,99.95
ARKANSAS,NORTH CENTRAL,SEARCY,5,99.95
ARKANSAS,NORTH CENTRAL,SHARP,6,99.95
ARKANSAS,NORTH CENTRAL,STONE,6,99.95
ARKANSAS,NORTH CENTRAL,VAN BUREN,3,99.95
ARKANSAS,NORTHEAST,CLAY,6,99.95
ARKANSAS,NORTHEAST,CRAIGHEAD,8,99.95
ARKANSAS,NORTHEAST,GREENE,3,99.95
ARKANSAS,NORTHEAST,INDEPENDENCE,7,99.95
ARKANSAS,NORTHEAST,JACKSON,2,99.95
ARKANSAS,NORTHEAST,LAWRENCE,8,99.95
ARKANSAS,NORTHEAST,MISSISSIPPI,2,99.95
ARKANSAS,NORTHEAST,POINSETT,2,99.95
ARKANSAS,NORTHEAST,RANDOLPH,12,99.95
ARKANSAS,NORTHEAST,WHITE,9,99.95
ARKANSAS,NORTHWEST,BENTON,33,99.95
ARKANSAS,NORTHWEST,BOONE,15,99.95
ARKANSAS,NORTHWEST,CARROLL,12,99.95
ARKANSAS,NORTHWEST,MADISON,27,99.95
ARKANSAS,NORTHWEST,NEWTON,2,99.95
ARKANSAS,NORTHWEST,WASHINGTON,40,99.95
ARKANSAS,SOUTH CENTRAL,BRADLEY,3,99.95
ARKANSAS,SOUTH CENTRAL,CALHOUN,1,99.95
ARKANSAS,SOUTH CENTRAL,CLARK,6,99.95
ARKANSAS,SOUTH CENTRAL,CLEVELAND,1,99.95
ARKANSAS,SOUTH CENTRAL,COLUMBIA,3,99.95
ARKANSAS,SOUTH CENTRAL,NEVADA,14,99.95
ARKANSAS,SOUTH CENTRAL,UNION,2,99.95
ARKANSAS,SOUTHEAST,ASHLEY,6,99.95
ARKANSAS,SOUTHEAST,CHICOT,3,99.95
ARKANSAS,SOUTHEAST,DESHA,1,99.95
ARKANSAS,SOUTHEAST,DREW,2,99.95
ARKANSAS,SOUTHEAST,LINCOLN,3,99.95
ARKANSAS,SOUTHWEST,HEMPSTEAD,9,99.95
ARKANSAS,SOUTHWEST,HOWARD,8,99.95
ARKANSAS,SOUTHWEST,LITTLE RIVER,1,99.95
ARKANSAS,SOUTHWEST,MILLER,14,99.95
ARKANSAS,SOUTHWEST,MONTGOMERY,10,99.95
ARKANSAS,SOUTHWEST,PIKE,2,99.95
ARKANSAS,SOUTHWEST,SEVIER,2,99.95
ARKANSAS,WEST CENTRAL,CRAWFORD,14,99.95
ARKANSAS,WEST CENTRAL,FRANKLIN,14,99.95
ARKANSAS,WEST CENTRAL,JOHNSON,12,99.95
ARKANSAS,WEST CENTRAL,LOGAN,13,99.95
ARKANSAS,WEST CENTRAL,POLK,11,99.95
ARKANSAS,WEST CENTRAL,POPE,15,99.95
ARKANSAS,WEST CENTRAL,SCOTT,2,99.95
ARKANSAS,WEST CENTRAL,SEBASTIAN,21,99.95
ARKANSAS,WEST CENTRAL,YELL,16,99.95
CALIFORNIA,CENTRAL COAST,ALAMEDA,16,73.2
CALIFORNIA,CENTRAL COAST,CONTRA COSTA,19,73.2
CALIFORNIA,CENTRAL COAST,LAKE,9,73.2
CALIFORNIA,CENTRAL COAST,MARIN,32,73.2
CALIFORNIA,CENTRAL COAST,MONTEREY,7,73.2
CALIFORNIA,CENTRAL COAST,NAPA,47,73.2
CALIFORNIA,CENTRAL COAST,SAN BENITO,4,73.2
CALIFORNIA,CENTRAL COAST,SAN FRANCISCO,2,73.2
CALIFORNIA,CENTRAL COAST,SAN LUIS OBISPO,11,73.2
CALIFORNIA,CENTRAL COAST,SAN MATEO,21,73.2
CALIFORNIA,CENTRAL COAST,SANTA CLARA,27,73.2
CALIFORNIA,CENTRAL COAST,SANTA CRUZ,14,73.2
CALIFORNIA,CENTRAL COAST,SONOMA,131,73.2
CALIFORNIA,NORTHEAST,LASSEN,4,73.2
CALIFORNIA,NORTHEAST,MODOC,6,73.2
CALIFORNIA,NORTHEAST,PLUMAS,6,73.2
CALIFORNIA,NORTHERN COAST,HUMBOLDT,25,73.2
CALIFORNIA,NORTHERN COAST,MENDOCINO,14,73.2
CALIFORNIA,SACRAMENTO VALLEY,BUTTE,15,73.2
CALIFORNIA,SACRAMENTO VALLEY,COLUSA,5,73.2
CALIFORNIA,SACRAMENTO VALLEY,GLENN,4,73.2
CALIFORNIA,SACRAMENTO VALLEY,SACRAMENTO,41,73.2
CALIFORNIA,SACRAMENTO VALLEY,SOLANO,19,73.2
CALIFORNIA,SACRAMENTO VALLEY,SUTTER,17,73.2
CALIFORNIA,SACRAMENTO VALLEY,TEHAMA,11,73.2
CALIFORNIA,SACRAMENTO VALLEY,YOLO,24,73.2
CALIFORNIA,SACRAMENTO VALLEY,YUBA,16,73.2
CALIFORNIA,SAN JOAQUIN VALLEY,FRESNO,33,73.2
CALIFORNIA,SAN JOAQUIN VALLEY,KERN,21,73.2
CALIFORNIA,SAN JOAQUIN VALLEY,KINGS,15,73.2
CALIFORNIA,SAN JOAQUIN VALLEY,MADERA,15,73.2
CALIFORNIA,SAN JOAQUIN VALLEY,MERCED,43,73.2
CALIFORNIA,SAN JOAQUIN VALLEY,SAN JOAQUIN,20,73.2
CALIFORNIA,SAN JOAQUIN VALLEY,STANISLAUS,38,73.2
CALIFORNIA,SAN JOAQUIN VALLEY,TULARE,39,73.2
CALIFORNIA,SIERRA MOUNTAINS,ALPINE,2,73.2
CALIFORNIA,SIERRA MOUNTAINS,AMADOR,5,73.2
CALIFORNIA,SIERRA MOUNTAINS,CALAVERAS,25,73.2
CALIFORNIA,SIERRA MOUNTAINS,EL DORADO,56,73.2
CALIFORNIA,SIERRA MOUNTAINS,INYO,1,73.2
CALIFORNIA,SIERRA MOUNTAINS,MARIPOSA,1,73.2
CALIFORNIA,SIERRA MOUNTAINS,NEVADA,44,73.2
CALIFORNIA,SIERRA MOUNTAINS,PLACER,24,73.2
CALIFORNIA,SIERRA MOUNTAINS,TUOLUMNE,17,73.2
CALIFORNIA,SISKIYOU-SHASTA,SHASTA,19,73.2
CALIFORNIA,SISKIYOU-SHASTA,SISKIYOU,21,73.2
CALIFORNIA,SISKIYOU-SHASTA,TRINITY,7,73.2
CALIFORNIA,SOUTHERN CALIFORNIA,IMPERIAL,17,73.2
CALIFORNIA,SOUTHERN CALIFORNIA,LOS ANGELES,33,73.2
CALIFORNIA,SOUTHERN CALIFORNIA,ORANGE,7,73.2
CALIFORNIA,SOUTHERN CALIFORNIA,RIVERSIDE,52,73.2
CALIFORNIA,SOUTHERN CALIFORNIA,SAN BERNARDINO,15,73.2
CALIFORNIA,SOUTHERN CALIFORNIA,SAN DIEGO,63,73.2
CALIFORNIA,SOUTHERN CALIFORNIA,SANTA BARBARA,13,73.2
CALIFORNIA,SOUTHERN CALIFORNIA,VENTURA,34,73.2
COLORADO,EAST CENTRAL,ADAMS,20,76.9
COLORADO,EAST CENTRAL,ARAPAHOE,17,76.9
COLORADO,EAST CENTRAL,DENVER,2,76.9
COLORADO,EAST CENTRAL,DOUGLAS,53,76.9
COLORADO,EAST CENTRAL,EL PASO,35,76.9
COLORADO,EAST CENTRAL,ELBERT,19,76.9
COLORADO,EAST CENTRAL,KIT CARSON,1,76.9
COLORADO,EAST CENTRAL,PHILLIPS,4,76.9
COLORADO,EAST CENTRAL,WASHINGTON,5,76.9
COLORADO,EAST CENTRAL,YUMA,2,76.9
COLORADO,NORTHEAST,BOULDER,78,76.9
COLORADO,NORTHEAST,JEFFERSON,19,76.9
COLORADO,NORTHEAST,LARIMER,93,76.9
COLORADO,NORTHEAST,LOGAN,3,76.9
COLORADO,NORTHEAST,MORGAN,3,76.9
COLORADO,NORTHEAST,SEDGWICK,2,76.9
COLORADO,NORTHEAST,WELD,74,76.9
COLORADO,NORTHWEST AND MOUNTAIN,CHAFFEE,6,76.9
COLORADO,NORTHWEST AND MOUNTAIN,CLEAR CREEK,2,76.9
COLORADO,NORTHWEST AND MOUNTAIN,EAGLE,6,76.9
COLORADO,NORTHWEST AND MOUNTAIN,GRAND,3,76.9
COLORADO,NORTHWEST AND MOUNTAIN,MOFFAT,2,76.9
COLORADO,NORTHWEST AND MOUNTAIN,PARK,1,76.9
COLORADO,NORTHWEST AND MOUNTAIN,PITKIN,7,76.9
COLORADO,NORTHWEST AND MOUNTAIN,RIO BLANCO,5,76.9
COLORADO,NORTHWEST AND MOUNTAIN,ROUTT,19,76.9
COLORADO,NORTHWEST AND MOUNTAIN,TELLER,4,76.9
COLORADO,SAN LUIS VALLEY,ALAMOSA,3,76.9
COLORADO,SAN LUIS VALLEY,CONEJOS,2,76.9
COLORADO,SAN LUIS VALLEY,RIO GRANDE,5,76.9
COLORADO,SAN LUIS VALLEY,SAGUACHE,2,76.9
COLORADO,SOUTHEAST,BACA,2,76.9
COLORADO,SOUTHEAST,BENT,1,76.9
COLORADO,SOUTHEAST,CROWLEY,2,76.9
COLORADO,SOUTHEAST,CUSTER,12,76.9
COLORADO,SOUTHEAST,FREMONT,22,76.9
COLORADO,SOUTHEAST,HUERFANO,8,76.9
COLORADO,SOUTHEAST,LAS ANIMAS,3,76.9
COLORADO,SOUTHEAST,OTERO,1,76.9
COLORADO,SOUTHEAST,PUEBLO,5,76.9
COLORADO,SOUTHWEST,ARCHULETA,2,76.9
COLORADO,SOUTHWEST,DELTA,19,76.9
COLORADO,SOUTHWEST,GARFIELD,19,76.9
COLORADO,SOUTHWEST,LA PLATA,24,76.9
COLORADO,SOUTHWEST,MESA,54,76.9
COLORADO,SOUTHWEST,MONTEZUMA,5,76.9
COLORADO,SOUTHWEST,MONTROSE,21,76.9
COLORADO,SOUTHWEST,OURAY,1,76.9
CONNECTICUT,ALL COUNTIES,FAIRFIELD,31,99.95
CONNECTICUT,ALL COUNTIES,HARTFORD,46,99.95
CONNECTICUT,ALL COUNTIES,LITCHFIELD,83,99.95
CONNECTICUT,ALL COUNTIES,MIDDLESEX,24,99.95
CONNECTICUT,ALL COUNTIES,NEW HAVEN,43,99.95
CONNECTICUT,ALL COUNTIES,NEW LONDON,38,99.95
CONNECTICUT,ALL COUNTIES,TOLLAND,28,99.95
CONNECTICUT,ALL COUNTIES,WINDHAM,27,99.95
DELAWARE,CENTRAL,KENT,11,99.95
DELAWARE,NORTHERN,NEW CASTLE,17,99.95
DELAWARE,SOUTHERN,SUSSEX,10,99.95
FLORIDA,CENTRAL,ALACHUA,65,99.95
FLORIDA,CENTRAL,BRADFORD,10,99.95
FLORIDA,CENTRAL,CITRUS,14,99.95
FLORIDA,CENTRAL,CLAY,19,99.95
FLORIDA,CENTRAL,FLAGLER,1,99.95
FLORIDA,CENTRAL,GILCHRIST,7,99.95
FLORIDA,CENTRAL,HERNANDO,11,99.95
FLORIDA,CENTRAL,HILLSBOROUGH,47,99.95
FLORIDA,CENTRAL,LAKE,50,99.95
FLORIDA,CENTRAL,LEVY,20,99.95
FLORIDA,CENTRAL,MARION,53,99.95
FLORIDA,CENTRAL,ORANGE,36,99.95
FLORIDA,CENTRAL,OSCEOLA,26,99.95
FLORIDA,CENTRAL,PASCO,36,99.95
FLORIDA,CENTRAL,PINELLAS,42,99.95
FLORIDA,CENTRAL,POLK,72,99.95
FLORIDA,CENTRAL,PUTNAM,10,99.95
FLORIDA,CENTRAL,SEMINOLE,25,99.95
FLORIDA,CENTRAL,ST. JOHNS,13,99.95
FLORIDA,CENTRAL,SUMTER,5,99.95
FLORIDA,CENTRAL,UNION,11,99.95
FLORIDA,CENTRAL,VOLUSIA,33,99.95
FLORIDA,NORTHEAST,BAKER,12,99.95
FLORIDA,NORTHEAST,COLUMBIA,7,99.95
FLORIDA,NORTHEAST,DIXIE,4,99.95
FLORIDA,NORTHEAST,DUVAL,28,99.95
FLORIDA,NORTHEAST,HAMILTON,8,99.95
FLORIDA,NORTHEAST,LAFAYETTE,1,99.95
FLORIDA,NORTHEAST,MADISON,4,99.95
FLORIDA,NORTHEAST,NASSAU,14,99.95
FLORIDA,NORTHEAST,SUWANNEE,19,99.95
FLORIDA,NORTHEAST,TAYLOR,14,99.95
FLORIDA,NORTHWEST,BAY,37,99.95
FLORIDA,NORTHWEST,CALHOUN,19,99.95
FLORIDA,NORTHWEST,ESCAMBIA,42,99.95
FLORIDA,NORTHWEST,FRANKLIN,5,99.95
FLORIDA,NORTHWEST,GADSDEN,26,99.95
FLORIDA,NORTHWEST,GULF,7,99.95
FLORIDA,NORTHWEST,HOLMES,11,99.95
FLORIDA,NORTHWEST,JACKSON,38,99.95
FLORIDA,NORTHWEST,JEFFERSON,22,99.95
FLORIDA,NORTHWEST,LEON,20,99.95
FLORIDA,NORTHWEST,LIBERTY,21,99.95
FLORIDA,NORTHWEST,OKALOOSA,47,99.95
FLORIDA,NORTHWEST,SANTA ROSA,45,99.95
FLORIDA,NORTHWEST,WAKULLA,17,99.95
FLORIDA,NORTHWEST,WALTON,21,99.95
FLORIDA,NORTHWEST,WASHINGTON,26,99.95
FLORIDA,SOUTHERN,BREVARD,22,99.95
FLORIDA,SOUTHERN,BROWARD,24,99.95
FLORIDA,SOUTHERN,CHARLOTTE,11,99.95
FLORIDA,SOUTHERN,COLLIER,18,99.95
FLORIDA,SOUTHERN,DE SOTO,12,99.95
FLORIDA,SOUTHERN,GLADES,9,99.95
FLORIDA,SOUTHERN,HARDEE,6,99.95
FLORIDA,SOUTHERN,HENDRY,16,99.95
FLORIDA,SOUTHERN,HIGHLANDS,19,99.95
FLORIDA,SOUTHERN,INDIAN RIVER,15,99.95
FLORIDA,SOUTHERN,LEE,38,99.95
FLORIDA,SOUTHERN,MANATEE,26,99.95
FLORIDA,SOUTHERN,MARTIN,18,99.95
FLORIDA,SOUTHERN,MIAMI-DADE,78,99.95
FLORIDA,SOUTHERN,MONROE,12,99.95
FLORIDA,SOUTHERN,OKEECHOBEE,2,99.95
FLORIDA,SOUTHERN,PALM BEACH,47,99.95
FLORIDA,SOUTHERN,SARASOTA,13,99.95
FLORIDA,SOUTHERN,ST. LUCIE,6,99.95
GEORGIA,CENTRAL,BALDWIN,2,99.95
GEORGIA,CENTRAL,BIBB,1,99.95
GEORGIA,CENTRAL,BLECKLEY,1,99.95
GEORGIA,CENTRAL,BUTTS,3,99.95
GEORGIA,CENTRAL,CRAWFORD,2,99.95
GEORGIA,CENTRAL,DODGE,4,99.95
GEORGIA,CENTRAL,GREENE,9,99.95
GEORGIA,CENTRAL,HANCOCK,5,99.95
GEORGIA,CENTRAL,HOUSTON,3,99.95
GEORGIA,CENTRAL,JASPER,5,99.95
GEORGIA,CENTRAL,JONES,3,99.95
GEORGIA,CENTRAL,LAURENS,6,99.95
GEORGIA,CENTRAL,MONROE,11,99.95
GEORGIA,CENTRAL,MORGAN,8,99.95
GEORGIA,CENTRAL,NEWTON,6,99.95
GEORGIA,CENTRAL,PEACH,9,99.95
GEORGIA,CENTRAL,PULASKI,2,99.95
GEORGIA,CENTRAL,PUTNAM,12,99.95
GEORGIA,CENTRAL,TALIAFERRO,1,99.95
GEORGIA,CENTRAL,TWIGGS,5,99.95
GEORGIA,CENTRAL,WASHINGTON,1,99.95
GEORGIA,CENTRAL,WILKINSON,1,99.95
GEORGIA,EAST CENTRAL,BULLOCH,14,99.95
GEORGIA,EAST CENTRAL,BURKE,7,99.95
GEORGIA,EAST CENTRAL,CANDLER,3,99.95
GEORGIA,EAST CENTRAL,COLUMBIA,2,99.95
GEORGIA,EAST CENTRAL,EFFINGHAM,2,99.95
GEORGIA,EAST CENTRAL,EMANUEL,3,99.95
GEORGIA,EAST CENTRAL,JEFFERSON,10,99.95
GEORGIA,EAST CENTRAL,JENKINS,2,99.95
GEORGIA,EAST CENTRAL,MCDUFFIE,13,99.95
GEORGIA,EAST CENTRAL,RICHMOND,5,99.95
GEORGIA,EAST CENTRAL,SCREVEN,9,99.95
GEORGIA,EAST CENTRAL,WARREN,6,99.95
GEORGIA,NORTH CENTRAL,BARROW,9,99.95
GEORGIA,NORTH CENTRAL,CHEROKEE,9,99.95
GEORGIA,NORTH CENTRAL,CLARKE,6,99.95
GEORGIA,NORTH CENTRAL,COBB,18,99.95
GEORGIA,NORTH CENTRAL,DAWSON,2,99.95
GEORGIA,NORTH CENTRAL,FANNIN,8,99.95
GEORGIA,NORTH CENTRAL,FORSYTH,3,99.95
GEORGIA,NORTH CENTRAL,FULTON,11,99.95
GEORGIA,NORTH CENTRAL,GILMER,6,99.95
GEORGIA,NORTH CENTRAL,GWINNETT,3,99.95
GEORGIA,NORTH CENTRAL,HALL,12,99.95
GEORGIA,NORTH CENTRAL,JACKSON,22,99.95
GEORGIA,NORTH CENTRAL,LUMPKIN,7,99.95
GEORGIA,NORTH CENTRAL,OCONEE,14,99.95
GEORGIA,NORTH CENTRAL,PICKENS,4,99.95
GEORGIA,NORTH CENTRAL,TOWNS,3,99.95
GEORGIA,NORTH CENTRAL,UNION,8,99.95
GEORGIA,NORTH CENTRAL,WALTON,13,99.95
GEORGIA,NORTH CENTRAL,WHITE,7,99.95
GEORGIA,NORTHEAST,BANKS,27,99.95
GEORGIA,NORTHEAST,ELBERT,4,99.95
GEORGIA,NORTHEAST,FRANKLIN,13,99.95
GEORGIA,NORTHEAST,HABERSHAM,12,99.95
GEORGIA,NORTHEAST,HART,14,99.95
GEORGIA,NORTHEAST,MADISON,12,99.95
GEORGIA,NORTHEAST,OGLETHORPE,8,99.95
GEORGIA,NORTHEAST,RABUN,8,99.95
GEORGIA,NORTHEAST,STEPHENS,12,99.95
GEORGIA,NORTHEAST,WILKES,7,99.95
GEORGIA,NORTHWEST,BARTOW,21,99.95
GEORGIA,NORTHWEST,CATOOSA,1,99.95
GEORGIA,NORTHWEST,CHATTOOGA,12,99.95
GEORGIA,NORTHWEST,DADE,17,99.95
GEORGIA,NORTHWEST,FLOYD,12,99.95
GEORGIA,NORTHWEST,GORDON,14,99.95
GEORGIA,NORTHWEST,MURRAY,9,99.95
GEORGIA,NORTHWEST,PAULDING,14,99.95
GEORGIA,NORTHWEST,POLK,8,99.95
GEORGIA,NORTHWEST,WALKER,8,99.95
GEORGIA,NORTHWEST,WHITFIELD,7,99.95
GEORGIA,SOUTH CENTRAL,ATKINSON,3,99.95
GEORGIA,SOUTH CENTRAL,BEN HILL,2,99.95
GEORGIA,SOUTH CENTRAL,BERRIEN,2,99.95
GEORGIA,SOUTH CENTRAL,BROOKS,4,99.95
GEORGIA,SOUTH CENTRAL,CLINCH,31,99.95
GEORGIA,SOUTH CENTRAL,COFFEE,6,99.95
GEORGIA,SOUTH CENTRAL,COLQUITT,5,99.95
GEORGIA,SOUTH CENTRAL,COOK,6,99.95
GEORGIA,SOUTH CENTRAL,CRISP,3,99.95
GEORGIA,SOUTH CENTRAL,DOOLY,5,99.95
GEORGIA,SOUTH CENTRAL,ECHOLS,2,99.95
GEORGIA,SOUTH CENTRAL,IRWIN,9,99.95
GEORGIA,SOUTH CENTRAL,JEFF DAVIS,4,99.95
GEORGIA,SOUTH CENTRAL,LANIER,3,99.95
GEORGIA,SOUTH CENTRAL,LOWNDES,8,99.95
GEORGIA,SOUTH CENTRAL,TIFT,1,99.95
GEORGIA,SOUTH CENTRAL,TURNER,1,99.95
GEORGIA,SOUTH CENTRAL,WORTH,4,99.95
GEORGIA,SOUTHEAST,APPLING,3,99.95
GEORGIA,SOUTHEAST,BACON,1,99.95
GEORGIA,SOUTHEAST,BRANTLEY,7,99.95
GEORGIA,SOUTHEAST,CAMDEN,7,99.95
GEORGIA,SOUTHEAST,CHARLTON,1,99.95
GEORGIA,SOUTHEAST,CHATHAM,7,99.95
GEORGIA,SOUTHEAST,EVANS,3,99.95
GEORGIA,SOUTHEAST,GLYNN,5,99.95
GEORGIA,SOUTHEAST,LIBERTY,1,99.95
GEORGIA,SOUTHEAST,LONG,2,99.95
GEORGIA,SOUTHEAST,MCINTOSH,1,99.95
GEORGIA,SOUTHEAST,PIERCE,3,99.95
GEORGIA,SOUTHEAST,TATTNALL,8,99.95
GEORGIA,SOUTHEAST,TOOMBS,10,99.95
GEORGIA,SOUTHEAST,WARE,11,99.95
GEORGIA,SOUTHEAST,WAYNE,15,99.95
GEORGIA,SOUTHWEST,BAKER,1,99.95
GEORGIA,SOUTHWEST,CALHOUN,1,99.95
GEORGIA,SOUTHWEST,CLAY,1,99.95
GEORGIA,SOUTHWEST,DECATUR,3,99.95
GEORGIA,SOUTHWEST,EARLY,1,99.95
GEORGIA,SOUTHWEST,GRADY,5,99.95
GEORGIA,SOUTHWEST,LEE,3,99.95
GEORGIA,SOUTHWEST,MITCHELL,12,99.95
GEORGIA,SOUTHWEST,SEMINOLE,3,99.95
GEORGIA,SOUTHWEST,STEWART,4,99.95
GEORGIA,SOUTHWEST,SUMTER,1,99.95
GEORGIA,SOUTHWEST,TERRELL,3,99.95
GEORGIA,SOUTHWEST,THOMAS,7,99.95
GEORGIA,WEST CENTRAL,CARROLL,13,99.95
GEORGIA,WEST CENTRAL,CLAYTON,1,99.95
GEORGIA,WEST CENTRAL,COWETA,13,99.95
GEORGIA,WEST CENTRAL,DOUGLAS,8,99.95
GEORGIA,WEST CENTRAL,FAYETTE,12,99.95
GEORGIA,WEST CENTRAL,HARALSON,4,99.95
GEORGIA,WEST CENTRAL,HARRIS,14,99.95
GEORGIA,WEST CENTRAL,HEARD,9,99.95
GEORGIA,WEST CENTRAL,HENRY,11,99.95
GEORGIA,WEST CENTRAL,LAMAR,6,99.95
GEORGIA,WEST CENTRAL,MARION,9,99.95
GEORGIA,WEST CENTRAL,MERIWETHER,9,99.95
GEORGIA,WEST CENTRAL,PIKE,3,99.95
GEORGIA,WEST CENTRAL,SPALDING,4,99.95
GEORGIA,WEST CENTRAL,TALBOT,6,99.95
GEORGIA,WEST CENTRAL,TAYLOR,2,99.95
GEORGIA,WEST CENTRAL,TROUP,18,99.95
GEORGIA,WEST CENTRAL,UPSON,1,99.95
HAWAII,HAWAII ISLAND,HAWAII,109,91.3
HAWAII,KAUAI AND NIIHAU ISLANDS,KAUAI,46,91.3
HAWAII,"MAUI, MOLOKAI & LANAI ISLAND",MAUI & KALWAO,76,91.3
HAWAII,OAHU ISLAND,HONOLULU,19,91.3
IDAHO,EAST,BANNOCK,9,75.4
IDAHO,EAST,BEAR LAKE,2,75.4
IDAHO,EAST,BINGHAM,19,75.4
IDAHO,EAST,BONNEVILLE,11,75.4
IDAHO,EAST,BUTTE,2,75.4
IDAHO,EAST,CARIBOU,2,75.4
IDAHO,EAST,FRANKLIN,2,75.4
IDAHO,EAST,FREMONT,5,75.4
IDAHO,EAST,JEFFERSON,1,75.4
IDAHO,EAST,LEMHI,5,75.4
IDAHO,EAST,MADISON,3,75.4
IDAHO,EAST,ONEIDA,12,75.4
IDAHO,EAST,POWER,5,75.4
IDAHO,EAST,TETON,12,75.4
IDAHO,NORTH,BENEWAH,4,75.4
IDAHO,NORTH,BONNER,41,75.4
IDAHO,NORTH,BOUNDARY,8,75.4
IDAHO,NORTH,CLEARWATER,3,75.4
IDAHO,NORTH,IDAHO,3,75.4
IDAHO,NORTH,KOOTENAI,17,75.4
IDAHO,NORTH,LATAH,5,75.4
IDAHO,NORTH,NEZ PERCE,5,75.4
IDAHO,NORTH,SHOSHONE,6,75.4
IDAHO,SOUTH CENTRAL,BLAINE,4,75.4
IDAHO,SOUTH CENTRAL,CASSIA,5,75.4
IDAHO,SOUTH CENTRAL,GOODING,5,75.4
IDAHO,SOUTH CENTRAL,JEROME,8,75.4
IDAHO,SOUTH CENTRAL,MINIDOKA,5,75.4
IDAHO,SOUTH CENTRAL,TWIN FALLS,8,75.4
IDAHO,SOUTHWEST,ADA,43,75.4
IDAHO,SOUTHWEST,ADAMS,1,75.4
IDAHO,SOUTHWEST,BOISE,1,75.4
IDAHO,SOUTHWEST,CANYON,17,75.4
IDAHO,SOUTHWEST,ELMORE,9,75.4
IDAHO,SOUTHWEST,GEM,17,75.4
IDAHO,SOUTHWEST,OWYHEE,5,75.4
IDAHO,SOUTHWEST,PAYETTE,8,75.4
IDAHO,SOUTHWEST,VALLEY,4,75.4
IDAHO,SOUTHWEST,WASHINGTON,5,75.4
ILLINOIS,CENTRAL,DE WITT,3,82.4
ILLINOIS,CENTRAL,LOGAN,9,82.4
ILLINOIS,CENTRAL,MACON,8,82.4
ILLINOIS,CENTRAL,MARSHALL,1,82.4
ILLINOIS,CENTRAL,MASON,2,82.4
ILLINOIS,CENTRAL,MCLEAN,25,82.4
ILLINOIS,CENTRAL,MENARD,2,82.4
ILLINOIS,CENTRAL,PEORIA,15,82.4
ILLINOIS,CENTRAL,STARK,4,82.4
ILLINOIS,CENTRAL,TAZEWELL,8,82.4
ILLINOIS,CENTRAL,WOODFORD,14,82.4
ILLINOIS,EAST,CHAMPAIGN,24,82.4
ILLINOIS,EAST,FORD,5,82.4
ILLINOIS,EAST,IROQUOIS,10,82.4
ILLINOIS,EAST,KANKAKEE,20,82.4
ILLINOIS,EAST,LIVINGSTON,2,82.4
ILLINOIS,EAST,PIATT,3,82.4
ILLINOIS,EAST,VERMILION,21,82.4
ILLINOIS,EAST SOUTHEAST,CLARK,6,82.4
ILLINOIS,EAST SOUTHEAST,COLES,14,82.4
ILLINOIS,EAST SOUTHEAST,CRAWFORD,4,82.4
ILLINOIS,EAST SOUTHEAST,CUMBERLAND,7,82.4
ILLINOIS,EAST SOUTHEAST,DOUGLAS,12,82.4
ILLINOIS,EAST SOUTHEAST,EDGAR,5,82.4
ILLINOIS,EAST SOUTHEAST,EFFINGHAM,9,82.4
ILLINOIS,EAST SOUTHEAST,FAYETTE,25,82.4
ILLINOIS,EAST SOUTHEAST,JASPER,9,82.4
ILLINOIS,EAST SOUTHEAST,LAWRENCE,13,82.4
ILLINOIS,EAST SOUTHEAST,MARION,13,82.4
ILLINOIS,EAST SOUTHEAST,MOULTRIE,8,82.4
ILLINOIS,EAST SOUTHEAST,RICHLAND,13,82.4
ILLINOIS,EAST SOUTHEAST,SHELBY,11,82.4
ILLINOIS,NORTHEAST,BOONE,11,82.4
ILLINOIS,NORTHEAST,COOK,43,82.4
ILLINOIS,NORTHEAST,DE KALB,21,82.4
ILLINOIS,NORTHEAST,DU PAGE,22,82.4
ILLINOIS,NORTHEAST,GRUNDY,6,82.4
ILLINOIS,NORTHEAST,KANE,46,82.4
ILLINOIS,NORTHEAST,KENDALL,13,82.4
ILLINOIS,NORTHEAST,LA SALLE,20,82.4
ILLINOIS,NORTHEAST,LAKE,80,82.4
ILLINOIS,NORTHEAST,MCHENRY,57,82.4
ILLINOIS,NORTHEAST,WILL,47,82.4
ILLINOIS,NORTHWEST,BUREAU,13,82.4
ILLINOIS,NORTHWEST,CARROLL,6,82.4
ILLINOIS,NORTHWEST,HENRY,21,82.4
ILLINOIS,NORTHWEST,JO DAVIESS,16,82.4
ILLINOIS,NORTHWEST,LEE,17,82.4
ILLINOIS,NORTHWEST,MERCER,15,82.4
ILLINOIS,NORTHWEST,OGLE,10,82.4
ILLINOIS,NORTHWEST,PUTNAM,6,82.4
ILLINOIS,NORTHWEST,ROCK ISLAND,12,82.4
ILLINOIS,NORTHWEST,STEPHENSON,13,82.4
ILLINOIS,NORTHWEST,WHITESIDE,10,82.4
ILLINOIS,NORTHWEST,WINNEBAGO,23,82.4
ILLINOIS,SOUTHEAST,EDWARDS,5,82.4
ILLINOIS,SOUTHEAST,FRANKLIN,5,82.4
ILLINOIS,SOUTHEAST,HAMILTON,4,82.4
ILLINOIS,SOUTHEAST,HARDIN,5,82.4
ILLINOIS,SOUTHEAST,JEFFERSON,29,82.4
ILLINOIS,SOUTHEAST,MASSAC,5,82.4
ILLINOIS,SOUTHEAST,POPE,2,82.4
ILLINOIS,SOUTHEAST,SALINE,2,82.4
ILLINOIS,SOUTHEAST,WABASH,2,82.4
ILLINOIS,SOUTHEAST,WAYNE,12,82.4
ILLINOIS,SOUTHEAST,WHITE,1,82.4
ILLINOIS,SOUTHWEST,CLINTON,22,82.4
ILLINOIS,SOUTHWEST,JACKSON,26,82.4
ILLINOIS,SOUTHWEST,JOHNSON,6,82.4
ILLINOIS,SOUTHWEST,MONROE,8,82.4
ILLINOIS,SOUTHWEST,PERRY,11,82.4
ILLINOIS,SOUTHWEST,PULASKI,3,82.4
ILLINOIS,SOUTHWEST,RANDOLPH,9,82.4
ILLINOIS,SOUTHWEST,ST CLAIR,21,82.4
ILLINOIS,SOUTHWEST,UNION,7,82.4
ILLINOIS,SOUTHWEST,WASHINGTON,5,82.4
ILLINOIS,SOUTHWEST,WILLIAMSON,11,82.4
ILLINOIS,WEST,ADAMS,19,82.4
ILLINOIS,WEST,FULTON,11,82.4
ILLINOIS,WEST,HANCOCK,4,82.4
ILLINOIS,WEST,KNOX,7,82.4
ILLINOIS,WEST,MCDONOUGH,14,82.4
ILLINOIS,WEST,SCHUYLER,4,82.4
ILLINOIS,WEST,WARREN,11,82.4
ILLINOIS,WEST SOUTHWEST,BOND,5,82.4
ILLINOIS,WEST SOUTHWEST,CALHOUN,1,82.4
ILLINOIS,WEST SOUTHWEST,CASS,5,82.4
ILLINOIS,WEST SOUTHWEST,CHRISTIAN,6,82.4
ILLINOIS,WEST SOUTHWEST,GREENE,7,82.4
ILLINOIS,WEST SOUTHWEST,JERSEY,6,82.4
ILLINOIS,WEST SOUTHWEST,MACOUPIN,37,82.4
ILLINOIS,WEST SOUTHWEST,MADISON,27,82.4
ILLINOIS,WEST SOUTHWEST,MONTGOMERY,17,82.4
ILLINOIS,WEST SOUTHWEST,MORGAN,9,82.4
ILLINOIS,WEST SOUTHWEST,PIKE,5,82.4
ILLINOIS,WEST SOUTHWEST,SANGAMON,29,82.4
INDIANA,CENTRAL,BARTHOLOMEW,5,99.95
INDIANA,CENTRAL,BOONE,13,99.95
INDIANA,CENTRAL,CLINTON,18,99.95
INDIANA,CENTRAL,DECATUR,3,99.95
INDIANA,CENTRAL,GRANT,9,99.95
INDIANA,CENTRAL,HAMILTON,16,99.95
INDIANA,CENTRAL,HANCOCK,6,99.95
INDIANA,CENTRAL,HENDRICKS,34,99.95
INDIANA,CENTRAL,HOWARD,10,99.95
INDIANA,CENTRAL,JOHNSON,22,99.95
INDIANA,CENTRAL,MADISON,20,99.95
INDIANA,CENTRAL,MARION,9,99.95
INDIANA,CENTRAL,MORGAN,15,99.95
INDIANA,CENTRAL,RUSH,2,99.95
INDIANA,CENTRAL,SHELBY,8,99.95
INDIANA,CENTRAL,TIPTON,4,99.95
INDIANA,EAST CENTRAL,DELAWARE,16,99.95
INDIANA,EAST CENTRAL,FAYETTE,5,99.95
INDIANA,EAST CENTRAL,HENRY,15,99.95
INDIANA,EAST CENTRAL,JAY,7,99.95
INDIANA,EAST CENTRAL,RANDOLPH,7,99.95
INDIANA,EAST CENTRAL,UNION,5,99.95
INDIANA,EAST CENTRAL,WAYNE,13,99.95
INDIANA,NORTH CENTRAL,CARROLL,8,99.95
INDIANA,NORTH CENTRAL,CASS,7,99.95
INDIANA,NORTH CENTRAL,ELKHART,22,99.95
INDIANA,NORTH CENTRAL,FULTON,1,99.95
INDIANA,NORTH CENTRAL,KOSCIUSKO,12,99.95
INDIANA,NORTH CENTRAL,MARSHALL,18,99.95
INDIANA,NORTH CENTRAL,MIAMI,9,99.95
INDIANA,NORTH CENTRAL,ST. JOSEPH,20,99.95
INDIANA,NORTH CENTRAL,WABASH,8,99.95
INDIANA,NORTHEAST,ADAMS,19,99.95
INDIANA,NORTHEAST,ALLEN,25,99.95
INDIANA,NORTHEAST,DE KALB,5,99.95
INDIANA,NORTHEAST,HUNTINGTON,7,99.95
INDIANA,NORTHEAST,LAGRANGE,49,99.95
INDIANA,NORTHEAST,NOBLE,9,99.95
INDIANA,NORTHEAST,STEUBEN,6,99.95
INDIANA,NORTHEAST,WELLS,8,99.95
INDIANA,NORTHEAST,WHITLEY,6,99.95
INDIANA,NORTHWEST,BENTON,1,99.95
INDIANA,NORTHWEST,JASPER,5,99.95
INDIANA,NORTHWEST,LA PORTE,12,99.95
INDIANA,NORTHWEST,LAKE,11,99.95
INDIANA,NORTHWEST,NEWTON,2,99.95
INDIANA,NORTHWEST,PORTER,13,99.95
INDIANA,NORTHWEST,PULASKI,14,99.95
INDIANA,NORTHWEST,STARKE,11,99.95
INDIANA,SOUTH CENTRAL,BROWN,11,99.95
INDIANA,SOUTH CENTRAL,CRAWFORD,4,99.95
INDIANA,SOUTH CENTRAL,FLOYD,2,99.95
INDIANA,SOUTH CENTRAL,HARRISON,15,99.95
INDIANA,SOUTH CENTRAL,JACKSON,6,99.95
INDIANA,SOUTH CENTRAL,LAWRENCE,8,99.95
INDIANA,SOUTH CENTRAL,MONROE,11,99.95
INDIANA,SOUTH CENTRAL,ORANGE,9,99.95
INDIANA,SOUTH CENTRAL,PERRY,14,99.95
INDIANA,SOUTH CENTRAL,WASHINGTON,7,99.95
INDIANA,SOUTHEAST,CLARK,3,99.95
INDIANA,SOUTHEAST,DEARBORN,17,99.95
INDIANA,SOUTHEAST,FRANKLIN,11,99.95
INDIANA,SOUTHEAST,JEFFERSON,11,99.95
INDIANA,SOUTHEAST,JENNINGS,11,99.95
INDIANA,SOUTHEAST,OHIO,4,99.95
INDIANA,SOUTHEAST,RIPLEY,14,99.95
INDIANA,SOUTHEAST,SCOTT,3,99.95
INDIANA,SOUTHEAST,SWITZERLAND,6,99.95
INDIANA,SOUTHWEST,DAVIESS,23,99.95
INDIANA,SOUTHWEST,DUBOIS,5,99.95
INDIANA,SOUTHWEST,GIBSON,3,99.95
INDIANA,SOUTHWEST,GREENE,10,99.95
INDIANA,SOUTHWEST,KNOX,4,99.95
INDIANA,SOUTHWEST,MARTIN,2,99.95
INDIANA,SOUTHWEST,PIKE,3,99.95
INDIANA,SOUTHWEST,SPENCER,12,99.95
INDIANA,SOUTHWEST,SULLIVAN,3,99.95
INDIANA,SOUTHWEST,WARRICK,4,99.95
INDIANA,WEST CENTRAL,CLAY,8,99.95
INDIANA,WEST CENTRAL,FOUNTAIN,4,99.95
INDIANA,WEST CENTRAL,MONTGOMERY,7,99.95
INDIANA,WEST CENTRAL,OWEN,7,99.95
INDIANA,WEST CENTRAL,PARKE,22,99.95
INDIANA,WEST CENTRAL,PUTNAM,20,99.95
INDIANA,WEST CENTRAL,TIPPECANOE,12,99.95
INDIANA,WEST CENTRAL,VERMILLION,3,99.95
INDIANA,WEST CENTRAL,VIGO,11,99.95
INDIANA,WEST CENTRAL,WARREN,4,99.95
IOWA,CENTRAL,BOONE,15,56.6
IOWA,CENTRAL,DALLAS,18,56.6
IOWA,CENTRAL,GRUNDY,2,56.6
IOWA,CENTRAL,HAMILTON,6,56.6
IOWA,CENTRAL,HARDIN,13,56.6
IOWA,CENTRAL,JASPER,18,56.6
IOWA,CENTRAL,MARSHALL,6,56.6
IOWA,CENTRAL,POLK,13,56.6
IOWA,CENTRAL,POWESHIEK,22,56.6
IOWA,CENTRAL,STORY,43,56.6
IOWA,CENTRAL,TAMA,4,56.6
IOWA,CENTRAL,WEBSTER,12,56.6
IOWA,EAST CENTRAL,BENTON,9,56.6
IOWA,EAST CENTRAL,CEDAR,14,56.6
IOWA,EAST CENTRAL,CLINTON,14,56.6
IOWA,EAST CENTRAL,IOWA,7,56.6
IOWA,EAST CENTRAL,JACKSON,11,56.6
IOWA,EAST CENTRAL,JOHNSON,33,56.6
IOWA,EAST CENTRAL,JONES,15,56.6
IOWA,EAST CENTRAL,LINN,24,56.6
IOWA,EAST CENTRAL,MUSCATINE,8,56.6
IOWA,EAST CENTRAL,SCOTT,16,56.6
IOWA,NORTH CENTRAL,BUTLER,10,56.6
IOWA,NORTH CENTRAL,CERRO GORDO,10,56.6
IOWA,NORTH CENTRAL,FLOYD,9,56.6
IOWA,NORTH CENTRAL,FRANKLIN,4,56.6
IOWA,NORTH CENTRAL,HANCOCK,5,56.6
IOWA,NORTH CENTRAL,HUMBOLDT,6,56.6
IOWA,NORTH CENTRAL,KOSSUTH,6,56.6
IOWA,NORTH CENTRAL,MITCHELL,4,56.6
IOWA,NORTH CENTRAL,WINNEBAGO,3,56.6
IOWA,NORTH CENTRAL,WORTH,5,56.6
IOWA,NORTH CENTRAL,WRIGHT,1,56.6
IOWA,NORTHEAST,ALLAMAKEE,18,56.6
IOWA,NORTHEAST,BLACK HAWK,14,56.6
IOWA,NORTHEAST,BREMER,8,56.6
IOWA,NORTHEAST,BUCHANAN,9,56.6
IOWA,NORTHEAST,CHICKASAW,9,56.6
IOWA,NORTHEAST,CLAYTON,21,56.6
IOWA,NORTHEAST,DELAWARE,4,56.6
IOWA,NORTHEAST,DUBUQUE,11,56.6
IOWA,NORTHEAST,FAYETTE,3,56.6
IOWA,NORTHEAST,HOWARD,8,56.6
IOWA,NORTHEAST,WINNESHIEK,23,56.6
IOWA,NORTHWEST,BUENA VISTA,7,56.6
IOWA,NORTHWEST,CHEROKEE,11,56.6
IOWA,NORTHWEST,CLAY,7,56.6
IOWA,NORTHWEST,DICKINSON,3,56.6
IOWA,NORTHWEST,EMMET,1,56.6
IOWA,NORTHWEST,LYON,12,56.6
IOWA,NORTHWEST,O BRIEN,8,56.6
IOWA,NORTHWEST,OSCEOLA,4,56.6
IOWA,NORTHWEST,PALO ALTO,2,56.6
IOWA,NORTHWEST,PLYMOUTH,7,56.6
IOWA,NORTHWEST,POCAHONTAS,4,56.6
IOWA,NORTHWEST,SIOUX,5,56.6
IOWA,SOUTH CENTRAL,APPANOOSE,6,56.6
IOWA,SOUTH CENTRAL,CLARKE,7,56.6
IOWA,SOUTH CENTRAL,DECATUR,2,56.6
IOWA,SOUTH CENTRAL,LUCAS,8,56.6
IOWA,SOUTH CENTRAL,MADISON,27,56.6
IOWA,SOUTH CENTRAL,MARION,16,56.6
IOWA,SOUTH CENTRAL,MONROE,2,56.6
IOWA,SOUTH CENTRAL,RINGGOLD,10,56.6
IOWA,SOUTH CENTRAL,UNION,8,56.6
IOWA,SOUTH CENTRAL,WARREN,39,56.6
IOWA,SOUTH CENTRAL,WAYNE,14,56.6
IOWA,SOUTHEAST,DAVIS,15,56.6
IOWA,SOUTHEAST,DES MOINES,2,56.6
IOWA,SOUTHEAST,HENRY,7,56.6
IOWA,SOUTHEAST,JEFFERSON,15,56.6
IOWA,SOUTHEAST,KEOKUK,19,56.6
IOWA,SOUTHEAST,LEE,7,56.6
IOWA,SOUTHEAST,LOUISA,1,56.6
IOWA,SOUTHEAST,MAHASKA,16,56.6
IOWA,SOUTHEAST,VAN BUREN,12,56.6
IOWA,SOUTHEAST,WAPELLO,4,56.6
IOWA,SOUTHEAST,WASHINGTON,11,56.6
IOWA,SOUTHWEST,ADAIR,3,56.6
IOWA,SOUTHWEST,CASS,11,56.6
IOWA,SOUTHWEST,FREMONT,4,56.6
IOWA,SOUTHWEST,MILLS,4,56.6
IOWA,SOUTHWEST,MONTGOMERY,6,56.6
IOWA,SOUTHWEST,PAGE,4,56.6
IOWA,SOUTHWEST,POTTAWATTAMIE,15,56.6
IOWA,SOUTHWEST,TAYLOR,1,56.6
IOWA,WEST CENTRAL,AUDUBON,3,56.6
IOWA,WEST CENTRAL,CARROLL,2,56.6
IOWA,WEST CENTRAL,CRAWFORD,6,56.6
IOWA,WEST CENTRAL,GUTHRIE,3,56.6
IOWA,WEST CENTRAL,HARRISON,8,56.6
IOWA,WEST CENTRAL,SAC,2,56.6
IOWA,WEST CENTRAL,SHELBY,3,56.6
IOWA,WEST CENTRAL,WOODBURY,18,56.6
KANSAS,CENTRAL,BARTON,4,92.0
KANSAS,CENTRAL,DICKINSON,9,92.0
KANSAS,CENTRAL,ELLIS,1,92.0
KANSAS,CENTRAL,ELLSWORTH,2,92.0
KANSAS,CENTRAL,LINCOLN,4,92.0
KANSAS,CENTRAL,MARION,22,92.0
KANSAS,CENTRAL,MCPHERSON,1,92.0
KANSAS,CENTRAL,RICE,3,92.0
KANSAS,CENTRAL,SALINE,3,92.0
KANSAS,EAST CENTRAL,ANDERSON,4,92.0
KANSAS,EAST CENTRAL,COFFEY,13,92.0
KANSAS,EAST CENTRAL,DOUGLAS,14,92.0
KANSAS,EAST CENTRAL,FRANKLIN,16,92.0
KANSAS,EAST CENTRAL,JOHNSON,19,92.0
KANSAS,EAST CENTRAL,LINN,6,92.0
KANSAS,EAST CENTRAL,LYON,9,92.0
KANSAS,EAST CENTRAL,MIAMI,20,92.0
KANSAS,EAST CENTRAL,MORRIS,7,92.0
KANSAS,EAST CENTRAL,OSAGE,15,92.0
KANSAS,EAST CENTRAL,SHAWNEE,10,92.0
KANSAS,NORTH CENTRAL,CLAY,1,92.0
KANSAS,NORTH CENTRAL,CLOUD,2,92.0
KANSAS,NORTH CENTRAL,MITCHELL,2,92.0
KANSAS,NORTH CENTRAL,OSBORNE,2,92.0
KANSAS,NORTH CENTRAL,OTTAWA,2,92.0
KANSAS,NORTH CENTRAL,REPUBLIC,5,92.0
KANSAS,NORTH CENTRAL,ROOKS,2,92.0
KANSAS,NORTH CENTRAL,SMITH,3,92.0
KANSAS,NORTH CENTRAL,WASHINGTON,12,92.0
KANSAS,NORTHEAST,ATCHISON,4,92.0
KANSAS,NORTHEAST,BROWN,1,92.0
KANSAS,NORTHEAST,DONIPHAN,7,92.0
KANSAS,NORTHEAST,JACKSON,7,92.0
KANSAS,NORTHEAST,JEFFERSON,30,92.0
KANSAS,NORTHEAST,LEAVENWORTH,33,92.0
KANSAS,NORTHEAST,MARSHALL,6,92.0
KANSAS,NORTHEAST,NEMAHA,2,92.0
KANSAS,NORTHEAST,POTTAWATOMIE,13,92.0
KANSAS,NORTHEAST,RILEY,12,92.0
KANSAS,NORTHEAST,WYANDOTTE,2,92.0
KANSAS,NORTHWEST,CHEYENNE,1,92.0
KANSAS,NORTHWEST,GRAHAM,4,92.0
KANSAS,NORTHWEST,NORTON,1,92.0
KANSAS,NORTHWEST,SHERIDAN,1,92.0
KANSAS,NORTHWEST,THOMAS,2,92.0
KANSAS,SOUTH CENTRAL,COMANCHE,3,92.0
KANSAS,SOUTH CENTRAL,HARVEY,7,92.0
KANSAS,SOUTH CENTRAL,KINGMAN,2,92.0
KANSAS,SOUTH CENTRAL,KIOWA,2,92.0
KANSAS,SOUTH CENTRAL,PAWNEE,1,92.0
KANSAS,SOUTH CENTRAL,RENO,16,92.0
KANSAS,SOUTH CENTRAL,SEDGWICK,10,92.0
KANSAS,SOUTH CENTRAL,STAFFORD,3,92.0
KANSAS,SOUTH CENTRAL,SUMNER,4,92.0
KANSAS,SOUTHEAST,ALLEN,4,92.0
KANSAS,SOUTHEAST,BOURBON,10,92.0
KANSAS,SOUTHEAST,BUTLER,23,92.0
KANSAS,SOUTHEAST,CHAUTAUQUA,5,92.0
KANSAS,SOUTHEAST,CHEROKEE,7,92.0
KANSAS,SOUTHEAST,COWLEY,5,92.0
KANSAS,SOUTHEAST,CRAWFORD,4,92.0
KANSAS,SOUTHEAST,GREENWOOD,4,92.0
KANSAS,SOUTHEAST,LABETTE,11,92.0
KANSAS,SOUTHEAST,MONTGOMERY,12,92.0
KANSAS,SOUTHEAST,NEOSHO,6,92.0
KANSAS,SOUTHEAST,WILSON,1,92.0
KANSAS,SOUTHEAST,WOODSON,3,92.0
KANSAS,SOUTHWEST,HAMILTON,2,92.0
KANSAS,SOUTHWEST,MEADE,1,92.0
KANSAS,WEST CENTRAL,NESS,2,92.0
KANSAS,WEST CENTRAL,SCOTT,1,92.0
KENTUCKY,BLUEGRASS,ANDERSON,18,87.9
KENTUCKY,BLUEGRASS,BATH,15,87.9
KENTUCKY,BLUEGRASS,BOURBON,13,87.9
KENTUCKY,BLUEGRASS,BOYLE,13,87.9
KENTUCKY,BLUEGRASS,CLARK,15,87.9
KENTUCKY,BLUEGRASS,FAYETTE,15,87.9
KENTUCKY,BLUEGRASS,FLEMING,12,87.9
KENTUCKY,BLUEGRASS,FRANKLIN,22,87.9
KENTUCKY,BLUEGRASS,GARRARD,16,87.9
KENTUCKY,BLUEGRASS,HARRISON,23,87.9
KENTUCKY,BLUEGRASS,JESSAMINE,16,87.9
KENTUCKY,BLUEGRASS,LINCOLN,24,87.9
KENTUCKY,BLUEGRASS,MADISON,19,87.9
KENTUCKY,BLUEGRASS,MASON,14,87.9
KENTUCKY,BLUEGRASS,MERCER,20,87.9
KENTUCKY,BLUEGRASS,MONTGOMERY,24,87.9
KENTUCKY,BLUEGRASS,NICHOLAS,11,87.9
KENTUCKY,BLUEGRASS,ROBERTSON,3,87.9
KENTUCKY,BLUEGRASS,SCOTT,6,87.9
KENTUCKY,BLUEGRASS,SHELBY,48,87.9
KENTUCKY,BLUEGRASS,SPENCER,6,87.9
KENTUCKY,BLUEGRASS,WASHINGTON,11,87.9
KENTUCKY,BLUEGRASS,WOODFORD,15,87.9
KENTUCKY,CENTRAL,ADAIR,15,87.9
KENTUCKY,CENTRAL,ALLEN,31,87.9
KENTUCKY,CENTRAL,BARREN,26,87.9
KENTUCKY,CENTRAL,BRECKINRIDGE,22,87.9
KENTUCKY,CENTRAL,BULLITT,17,87.9
KENTUCKY,CENTRAL,BUTLER,5,87.9
KENTUCKY,CENTRAL,CASEY,20,87.9
KENTUCKY,CENTRAL,CLINTON,4,87.9
KENTUCKY,CENTRAL,CUMBERLAND,6,87.9
KENTUCKY,CENTRAL,EDMONSON,12,87.9
KENTUCKY,CENTRAL,GRAYSON,16,87.9
KENTUCKY,CENTRAL,GREEN,2,87.9
KENTUCKY,CENTRAL,HARDIN,14,87.9
KENTUCKY,CENTRAL,HART,21,87.9
KENTUCKY,CENTRAL,JEFFERSON,7,87.9
KENTUCKY,CENTRAL,LARUE,5,87.9
KENTUCKY,CENTRAL,MARION,12,87.9
KENTUCKY,CENTRAL,MEADE,14,87.9
KENTUCKY,CENTRAL,METCALFE,10,87.9
KENTUCKY,CENTRAL,MONROE,2,87.9
KENTUCKY,CENTRAL,NELSON,31,87.9
KENTUCKY,CENTRAL,RUSSELL,4,87.9
KENTUCKY,CENTRAL,TAYLOR,10,87.9
KENTUCKY,CENTRAL,WARREN,23,87.9
KENTUCKY,EASTERN OR MOUNTAIN,BELL,8,87.9
KENTUCKY,EASTERN OR MOUNTAIN,BOYD,8,87.9
KENTUCKY,EASTERN OR MOUNTAIN,BREATHITT,3,87.9
KENTUCKY,EASTERN OR MOUNTAIN,CARTER,8,87.9
KENTUCKY,EASTERN OR MOUNTAIN,CLAY,16,87.9
KENTUCKY,EASTERN OR MOUNTAIN,ELLIOTT,5,87.9
KENTUCKY,EASTERN OR MOUNTAIN,ESTILL,10,87.9
KENTUCKY,EASTERN OR MOUNTAIN,FLOYD,7,87.9
KENTUCKY,EASTERN OR MOUNTAIN,GREENUP,6,87.9
KENTUCKY,EASTERN OR MOUNTAIN,HARLAN,2,87.9
KENTUCKY,EASTERN OR MOUNTAIN,JACKSON,12,87.9
KENTUCKY,EASTERN OR MOUNTAIN,JOHNSON,3,87.9
KENTUCKY,EASTERN OR MOUNTAIN,KNOX,17,87.9
KENTUCKY,EASTERN OR MOUNTAIN,LAUREL,19,87.9
KENTUCKY,EASTERN OR MOUNTAIN,LAWRENCE,7,87.9
KENTUCKY,EASTERN OR MOUNTAIN,LEE,1,87.9
KENTUCKY,EASTERN OR MOUNTAIN,LETCHER,8,87.9
KENTUCKY,EASTERN OR MOUNTAIN,LEWIS,5,87.9
KENTUCKY,EASTERN OR MOUNTAIN,MAGOFFIN,8,87.9
KENTUCKY,EASTERN OR MOUNTAIN,MARTIN,1,87.9
KENTUCKY,EASTERN OR MOUNTAIN,MCCREARY,9,87.9
KENTUCKY,EASTERN OR MOUNTAIN,MENIFEE,2,87.9
KENTUCKY,EASTERN OR MOUNTAIN,MORGAN,10,87.9
KENTUCKY,EASTERN OR MOUNTAIN,OWSLEY,8,87.9
KENTUCKY,EASTERN OR MOUNTAIN,PERRY,9,87.9
KENTUCKY,EASTERN OR MOUNTAIN,PIKE,6,87.9
KENTUCKY,EASTERN OR MOUNTAIN,POWELL,9,87.9
KENTUCKY,EASTERN OR MOUNTAIN,PULASKI,28,87.9
KENTUCKY,EASTERN OR MOUNTAIN,ROCKCASTLE,16,87.9
KENTUCKY,EASTERN OR MOUNTAIN,ROWAN,13,87.9
KENTUCKY,EASTERN OR MOUNTAIN,WAYNE,14,87.9
KENTUCKY,EASTERN OR MOUNTAIN,WHITLEY,15,87.9
KENTUCKY,EASTERN OR MOUNTAIN,WOLFE,2,87.9
KENTUCKY,MIDWESTERN,CALDWELL,3,87.9
KENTUCKY,MIDWESTERN,CHRISTIAN,19,87.9
KENTUCKY,MIDWESTERN,CRITTENDEN,11,87.9
KENTUCKY,MIDWESTERN,DAVIESS,29,87.9
KENTUCKY,MIDWESTERN,HANCOCK,7,87.9
KENTUCKY,MIDWESTERN,HENDERSON,4,87.9
KENTUCKY,MIDWESTERN,HOPKINS,9,87.9
KENTUCKY,MIDWESTERN,LOGAN,26,87.9
KENTUCKY,MIDWESTERN,MCLEAN,3,87.9
KENTUCKY,MIDWESTERN,MUHLENBERG,8,87.9
KENTUCKY,MIDWESTERN,OHIO,16,87.9
KENTUCKY,MIDWESTERN,SIMPSON,10,87.9
KENTUCKY,MIDWESTERN,TODD,10,87.9
KENTUCKY,MIDWESTERN,WEBSTER,4,87.9
KENTUCKY,NORTHERN,BOONE,20,87.9
KENTUCKY,NORTHERN,BRACKEN,8,87.9
KENTUCKY,NORTHERN,CAMPBELL,24,87.9
KENTUCKY,NORTHERN,CARROLL,3,87.9
KENTUCKY,NORTHERN,GRANT,12,87.9
KENTUCKY,NORTHERN,HENRY,21,87.9
KENTUCKY,NORTHERN,KENTON,8,87.9
KENTUCKY,NORTHERN,OLDHAM,21,87.9
KENTUCKY,NORTHERN,OWEN,8,87.9
KENTUCKY,NORTHERN,PENDLETON,19,87.9
KENTUCKY,NORTHERN,TRIMBLE,10,87.9
KENTUCKY,PURCHASE,BALLARD,2,87.9
KENTUCKY,PURCHASE,CALLOWAY,4,87.9
KENTUCKY,PURCHASE,GRAVES,7,87.9
KENTUCKY,PURCHASE,LIVINGSTON,11,87.9
KENTUCKY,PURCHASE,MARSHALL,14,87.9
KENTUCKY,PURCHASE,MCCRACKEN,9,87.9
KENTUCKY,PURCHASE,TRIGG,17,87.9
LOUISIANA,CENTRAL,AVOYELLES,18,91.5
LOUISIANA,CENTRAL,CATAHOULA,1,91.5
LOUISIANA,CENTRAL,CONCORDIA,1,91.5
LOUISIANA,CENTRAL,EVANGELINE,3,91.5
LOUISIANA,CENTRAL,GRANT,3,91.5
LOUISIANA,CENTRAL,LA SALLE,2,91.5
LOUISIANA,CENTRAL,POINTE COUPEE,3,91.5
LOUISIANA,CENTRAL,RAPIDES,22,91.5
LOUISIANA,CENTRAL,SAINT LANDRY,7,91.5
LOUISIANA,CENTRAL,WEST BATON ROUGE,3,91.5
LOUISIANA,EAST CENTRAL,EAST BATON ROUGE,14,91.5
LOUISIANA,EAST CENTRAL,EAST FELICIANA,15,91.5
LOUISIANA,EAST CENTRAL,LIVINGSTON,15,91.5
LOUISIANA,EAST CENTRAL,SAINT HELENA,4,91.5
LOUISIANA,EAST CENTRAL,SAINT TAMMANY,44,91.5
LOUISIANA,EAST CENTRAL,TANGIPAHOA,22,91.5
LOUISIANA,EAST CENTRAL,WASHINGTON,15,91.5
LOUISIANA,EAST CENTRAL,WEST FELICIANA,5,91.5
LOUISIANA,NORTH CENTRAL,CALDWELL,1,91.5
LOUISIANA,NORTH CENTRAL,CLAIBORNE,2,91.5
LOUISIANA,NORTH CENTRAL,JACKSON,7,91.5
LOUISIANA,NORTH CENTRAL,LINCOLN,10,91.5
LOUISIANA,NORTH CENTRAL,OUACHITA,2,91.5
LOUISIANA,NORTH CENTRAL,UNION,3,91.5
LOUISIANA,NORTH CENTRAL,WINN,3,91.5
LOUISIANA,NORTHEAST,FRANKLIN,4,91.5
LOUISIANA,NORTHEAST,MADISON,3,91.5
LOUISIANA,NORTHEAST,MOREHOUSE,6,91.5
LOUISIANA,NORTHEAST,RICHLAND,9,91.5
LOUISIANA,NORTHEAST,TENSAS,3,91.5
LOUISIANA,NORTHEAST,WEST CARROLL,4,91.5
LOUISIANA,NORTHWEST,BOSSIER,11,91.5
LOUISIANA,NORTHWEST,CADDO,10,91.5
LOUISIANA,NORTHWEST,DE SOTO,3,91.5
LOUISIANA,NORTHWEST,RED RIVER,2,91.5
LOUISIANA,NORTHWEST,WEBSTER,3,91.5
LOUISIANA,SOUTH CENTRAL,IBERVILLE,3,91.5
LOUISIANA,SOUTH CENTRAL,LAFAYETTE,3,91.5
LOUISIANA,SOUTH CENTRAL,SAINT MARTIN,14,91.5
LOUISIANA,SOUTHEAST,ASCENSION,7,91.5
LOUISIANA,SOUTHEAST,JEFFERSON,2,91.5
LOUISIANA,SOUTHEAST,LAFOURCHE,13,91.5
LOUISIANA,SOUTHEAST,ORLEANS,6,91.5
LOUISIANA,SOUTHEAST,PLAQUEMINES,6,91.5
LOUISIANA,SOUTHEAST,SAINT CHARLES,6,91.5
LOUISIANA,SOUTHEAST,ST. JOHN THE BAPTIST,2,91.5
LOUISIANA,SOUTHEAST,TERREBONNE,6,91.5
LOUISIANA,SOUTHWEST,ALLEN,2,91.5
LOUISIANA,SOUTHWEST,BEAUREGARD,29,91.5
LOUISIANA,SOUTHWEST,CALCASIEU,18,91.5
LOUISIANA,SOUTHWEST,JEFFERSON DAVIS,7,91.5
LOUISIANA,SOUTHWEST,VERMILION,9,91.5
LOUISIANA,WEST CENTRAL,NATCHITOCHES,9,91.5
LOUISIANA,WEST CENTRAL,SABINE,9,91.5
LOUISIANA,WEST CENTRAL,VERNON,9,91.5
MAINE,CENTRAL,HANCOCK,26,57.8
MAINE,CENTRAL,PENOBSCOT,34,57.8
MAINE,CENTRAL,PISCATAQUIS,13,57.8
MAINE,CENTRAL,SOMERSET,20,57.8
MAINE,CENTRAL,WALDO,16,57.8
MAINE,CENTRAL,WASHINGTON,20,57.8
MAINE,NORTH,AROOSTOOK,17,57.8
MAINE,SOUTH,ANDROSCOGGIN,9,57.8
MAINE,SOUTH,CUMBERLAND,45,57.8
MAINE,SOUTH,FRANKLIN,13,57.8
MAINE,SOUTH,KENNEBEC,25,57.8
MAINE,SOUTH,KNOX,7,57.8
MAINE,SOUTH,LINCOLN,12,57.8
MAINE,SOUTH,OXFORD,29,57.8
MAINE,SOUTH,SAGADAHOC,18,57.8
MAINE,SOUTH,YORK,29,57.8
MARYLAND,LOWER EASTERN SHORE,DORCHESTER,2,72.7
MARYLAND,LOWER EASTERN SHORE,WICOMICO,5,72.7
MARYLAND,LOWER EASTERN SHORE,WORCESTER,5,72.7
MARYLAND,NORTH CENTRAL,BALTIMORE,38,72.7
MARYLAND,NORTH CENTRAL,CARROLL,26,72.7
MARYLAND,NORTH CENTRAL,FREDERICK,38,72.7
MARYLAND,NORTH CENTRAL,HARFORD,26,72.7
MARYLAND,NORTH CENTRAL,HOWARD,30,72.7
MARYLAND,NORTH CENTRAL,MONTGOMERY,37,72.7
MARYLAND,NORTH CENTRAL,WASHINGTON,14,72.7
MARYLAND,SOUTHERN,ANNE ARUNDEL,13,72.7
MARYLAND,SOUTHERN,CALVERT,10,72.7
MARYLAND,SOUTHERN,CHARLES,8,72.7
MARYLAND,SOUTHERN,PRINCE GEORGES,39,72.7
MARYLAND,SOUTHERN,ST MARYS,15,72.7
MARYLAND,UPPER EASTERN SHORE,CAROLINE,12,72.7
MARYLAND,UPPER EASTERN SHORE,CECIL,16,72.7
MARYLAND,UPPER EASTERN SHORE,KENT,7,72.7
MARYLAND,UPPER EASTERN SHORE,QUEEN ANNES,10,72.7
MARYLAND,UPPER EASTERN SHORE,TALBOT,4,72.7
MARYLAND,WESTERN,ALLEGANY,5,72.7
MARYLAND,WESTERN,GARRETT,19,72.7
MASSACHUSETTS,ALL COUNTIES,BARNSTABLE,16,57.3
MASSACHUSETTS,ALL COUNTIES,BERKSHIRE,18,57.3
MASSACHUSETTS,ALL COUNTIES,BRISTOL,12,57.3
MASSACHUSETTS,ALL COUNTIES,ESSEX,16,57.3
MASSACHUSETTS,ALL COUNTIES,FRANKLIN,14,57.3
MASSACHUSETTS,ALL COUNTIES,HAMPDEN,19,57.3
MASSACHUSETTS,ALL COUNTIES,HAMPSHIRE,35,57.3
MASSACHUSETTS,ALL COUNTIES,MIDDLESEX,39,57.3
MASSACHUSETTS,ALL COUNTIES,NORFOLK,12,57.3
MASSACHUSETTS,ALL COUNTIES,PLYMOUTH,37,57.3
MASSACHUSETTS,ALL COUNTIES,SUFFOLK,9,57.3
MASSACHUSETTS,ALL COUNTIES,WORCESTER,116,57.3
MICHIGAN,CENTRAL,CLARE,7,82.6
MICHIGAN,CENTRAL,GLADWIN,6,82.6
MICHIGAN,CENTRAL,GRATIOT,3,82.6
MICHIGAN,CENTRAL,ISABELLA,18,82.6
MICHIGAN,CENTRAL,MECOSTA,24,82.6
MICHIGAN,CENTRAL,MIDLAND,12,82.6
MICHIGAN,CENTRAL,MONTCALM,34,82.6
MICHIGAN,CENTRAL,OSCEOLA,4,82.6
MICHIGAN,EAST CENTRAL,BAY,5,82.6
MICHIGAN,EAST CENTRAL,HURON,7,82.6
MICHIGAN,EAST CENTRAL,SAGINAW,15,82.6
MICHIGAN,EAST CENTRAL,SANILAC,28,82.6
MICHIGAN,EAST CENTRAL,TUSCOLA,20,82.6
MICHIGAN,NORTHEAST,ALCONA,6,82.6
MICHIGAN,NORTHEAST,ALPENA,9,82.6
MICHIGAN,NORTHEAST,CRAWFORD,1,82.6
MICHIGAN,NORTHEAST,IOSCO,6,82.6
MICHIGAN,NORTHEAST,OGEMAW,12,82.6
MICHIGAN,NORTHEAST,OSCODA,4,82.6
MICHIGAN,NORTHEAST,OTSEGO,6,82.6
MICHIGAN,NORTHEAST,PRESQUE ISLE,6,82.6
MICHIGAN,NORTHEAST,ROSCOMMON,1,82.6
MICHIGAN,NORTHWEST,ANTRIM,5,82.6
MICHIGAN,NORTHWEST,BENZIE,8,82.6
MICHIGAN,NORTHWEST,CHARLEVOIX,7,82.6
MICHIGAN,NORTHWEST,EMMET,9,82.6
MICHIGAN,NORTHWEST,GRAND TRAVERSE,11,82.6
MICHIGAN,NORTHWEST,KALKASKA,9,82.6
MICHIGAN,NORTHWEST,LEELANAU,17,82.6
MICHIGAN,NORTHWEST,MANISTEE,13,82.6
MICHIGAN,NORTHWEST,MISSAUKEE,12,82.6
MICHIGAN,NORTHWEST,WEXFORD,4,82.6
MICHIGAN,SOUTH CENTRAL,BARRY,19,82.6
MICHIGAN,SOUTH CENTRAL,BRANCH,11,82.6
MICHIGAN,SOUTH CENTRAL,CALHOUN,16,82.6
MICHIGAN,SOUTH CENTRAL,CLINTON,26,82.6
MICHIGAN,SOUTH CENTRAL,EATON,27,82.6
MICHIGAN,SOUTH CENTRAL,HILLSDALE,30,82.6
MICHIGAN,SOUTH CENTRAL,INGHAM,32,82.6
MICHIGAN,SOUTH CENTRAL,IONIA,11,82.6
MICHIGAN,SOUTH CENTRAL,JACKSON,31,82.6
MICHIGAN,SOUTH CENTRAL,SHIAWASSEE,16,82.6
MICHIGAN,SOUTH CENTRAL,ST JOSEPH,14,82.6
MICHIGAN,SOUTHEAST,GENESEE,43,82.6
MICHIGAN,SOUTHEAST,LAPEER,40,82.6
MICHIGAN,SOUTHEAST,LENAWEE,24,82.6
MICHIGAN,SOUTHEAST,LIVINGSTON,33,82.6
MICHIGAN,SOUTHEAST,MACOMB,11,82.6
MICHIGAN,SOUTHEAST,MONROE,26,82.6
MICHIGAN,SOUTHEAST,OAKLAND,15,82.6
MICHIGAN,SOUTHEAST,ST CLAIR,34,82.6
MICHIGAN,SOUTHEAST,WASHTENAW,85,82.6
MICHIGAN,SOUTHEAST,WAYNE,32,82.6
MICHIGAN,SOUTHWEST,ALLEGAN,22,82.6
MICHIGAN,SOUTHWEST,BERRIEN,36,82.6
MICHIGAN,SOUTHWEST,CASS,10,82.6
MICHIGAN,SOUTHWEST,KALAMAZOO,23,82.6
MICHIGAN,SOUTHWEST,KENT,39,82.6
MICHIGAN,SOUTHWEST,OTTAWA,17,82.6
MICHIGAN,SOUTHWEST,VAN BUREN,21,82.6
MICHIGAN,UPPER PENINSULA,ALGER,13,82.6
MICHIGAN,UPPER PENINSULA,BARAGA,2,82.6
MICHIGAN,UPPER PENINSULA,CHIPPEWA,14,82.6
MICHIGAN,UPPER PENINSULA,DELTA,11,82.6
MICHIGAN,UPPER PENINSULA,DICKINSON,11,82.6
MICHIGAN,UPPER PENINSULA,GOGEBIC,5,82.6
MICHIGAN,UPPER PENINSULA,HOUGHTON,7,82.6
MICHIGAN,UPPER PENINSULA,IRON,1,82.6
MICHIGAN,UPPER PENINSULA,MACKINAC,2,82.6
MICHIGAN,UPPER PENINSULA,MARQUETTE,15,82.6
MICHIGAN,UPPER PENINSULA,MENOMINEE,8,82.6
MICHIGAN,UPPER PENINSULA,ONTONAGON,8,82.6
MICHIGAN,UPPER PENINSULA,SCHOOLCRAFT,1,82.6
MICHIGAN,WEST CENTRAL,LAKE,5,82.6
MICHIGAN,WEST CENTRAL,MASON,18,82.6
MICHIGAN,WEST CENTRAL,MUSKEGON,20,82.6
MICHIGAN,WEST CENTRAL,NEWAYGO,11,82.6
MICHIGAN,WEST CENTRAL,OCEANA,7,82.6
MINNESOTA,CENTRAL,BENTON,12,75.3
MINNESOTA,CENTRAL,CARVER,17,75.3
MINNESOTA,CENTRAL,KANDIYOHI,2,75.3
MINNESOTA,CENTRAL,MCLEOD,8,75.3
MINNESOTA,CENTRAL,MEEKER,16,75.3
MINNESOTA,CENTRAL,MORRISON,18,75.3
MINNESOTA,CENTRAL,SCOTT,12,75.3
MINNESOTA,CENTRAL,SHERBURNE,19,75.3
MINNESOTA,CENTRAL,SIBLEY,11,75.3
MINNESOTA,CENTRAL,STEARNS,24,75.3
MINNESOTA,CENTRAL,TODD,21,75.3
MINNESOTA,CENTRAL,WADENA,8,75.3
MINNESOTA,CENTRAL,WRIGHT,29,75.3
MINNESOTA,EAST CENTRAL,AITKIN,9,75.3
MINNESOTA,EAST CENTRAL,ANOKA,12,75.3
MINNESOTA,EAST CENTRAL,CARLTON,13,75.3
MINNESOTA,EAST CENTRAL,CHISAGO,23,75.3
MINNESOTA,EAST CENTRAL,CROW WING,5,75.3
MINNESOTA,EAST CENTRAL,HENNEPIN,10,75.3
MINNESOTA,EAST CENTRAL,ISANTI,22,75.3
MINNESOTA,EAST CENTRAL,KANABEC,15,75.3
MINNESOTA,EAST CENTRAL,MILLE LACS,15,75.3
MINNESOTA,EAST CENTRAL,PINE,22,75.3
MINNESOTA,EAST CENTRAL,RAMSEY,8,75.3
MINNESOTA,EAST CENTRAL,WASHINGTON,29,75.3
MINNESOTA,NORTH CENTRAL,BELTRAMI,28,75.3
MINNESOTA,NORTH CENTRAL,CASS,13,75.3
MINNESOTA,NORTH CENTRAL,HUBBARD,5,75.3
MINNESOTA,NORTH CENTRAL,ITASCA,16,75.3
MINNESOTA,NORTH CENTRAL,KOOCHICHING,6,75.3
MINNESOTA,NORTH CENTRAL,LAKE OF THE WOODS,2,75.3
MINNESOTA,NORTHEAST,COOK,2,75.3
MINNESOTA,NORTHEAST,LAKE,4,75.3
MINNESOTA,NORTHEAST,ST. LOUIS,37,75.3
MINNESOTA,NORTHWEST,BECKER,12,75.3
MINNESOTA,NORTHWEST,CLAY,3,75.3
MINNESOTA,NORTHWEST,CLEARWATER,5,75.3
MINNESOTA,NORTHWEST,MARSHALL,6,75.3
MINNESOTA,NORTHWEST,NORMAN,3,75.3
MINNESOTA,NORTHWEST,PENNINGTON,6,75.3
MINNESOTA,NORTHWEST,POLK,18,75.3
MINNESOTA,NORTHWEST,RED LAKE,1,75.3
MINNESOTA,NORTHWEST,ROSEAU,4,75.3
MINNESOTA,SOUTH CENTRAL,BLUE EARTH,2,75.3
MINNESOTA,SOUTH CENTRAL,BROWN,3,75.3
MINNESOTA,SOUTH CENTRAL,FARIBAULT,1,75.3
MINNESOTA,SOUTH CENTRAL,FREEBORN,5,75.3
MINNESOTA,SOUTH CENTRAL,LE SUEUR,8,75.3
MINNESOTA,SOUTH CENTRAL,MARTIN,7,75.3
MINNESOTA,SOUTH CENTRAL,NICOLLET,2,75.3
MINNESOTA,SOUTH CENTRAL,RICE,19,75.3
MINNESOTA,SOUTH CENTRAL,STEELE,1,75.3
MINNESOTA,SOUTH CENTRAL,WASECA,2,75.3
MINNESOTA,SOUTHEAST,DAKOTA,15,75.3
MINNESOTA,SOUTHEAST,DODGE,7,75.3
MINNESOTA,SOUTHEAST,FILLMORE,21,75.3
MINNESOTA,SOUTHEAST,GOODHUE,13,75.3
MINNESOTA,SOUTHEAST,HOUSTON,13,75.3
MINNESOTA,SOUTHEAST,MOWER,6,75.3
MINNESOTA,SOUTHEAST,OLMSTED,23,75.3
MINNESOTA,SOUTHEAST,WABASHA,19,75.3
MINNESOTA,SOUTHEAST,WINONA,22,75.3
MINNESOTA,SOUTHWEST,COTTONWOOD,3,75.3
MINNESOTA,SOUTHWEST,JACKSON,2,75.3
MINNESOTA,SOUTHWEST,LINCOLN,1,75.3
MINNESOTA,SOUTHWEST,MURRAY,2,75.3
MINNESOTA,SOUTHWEST,NOBLES,6,75.3
MINNESOTA,SOUTHWEST,PIPESTONE,2,75.3
MINNESOTA,SOUTHWEST,REDWOOD,6,75.3
MINNESOTA,SOUTHWEST,ROCK,2,75.3
MINNESOTA,WEST CENTRAL,CHIPPEWA,5,75.3
MINNESOTA,WEST CENTRAL,DOUGLAS,14,75.3
MINNESOTA,WEST CENTRAL,GRANT,4,75.3
MINNESOTA,WEST CENTRAL,LAC QUI PARLE,6,75.3
MINNESOTA,WEST CENTRAL,OTTER TAIL,19,75.3
MINNESOTA,WEST CENTRAL,POPE,8,75.3
MINNESOTA,WEST CENTRAL,STEVENS,2,75.3
MINNESOTA,WEST CENTRAL,SWIFT,4,75.3
MINNESOTA,WEST CENTRAL,TRAVERSE,2,75.3
MINNESOTA,WEST CENTRAL,YELLOW MEDICINE,2,75.3
MISSISSIPPI,CENTRAL,ATTALA,4,99.95
MISSISSIPPI,CENTRAL,HOLMES,2,99.95
MISSISSIPPI,CENTRAL,LEAKE,2,99.95
MISSISSIPPI,CENTRAL,MADISON,6,99.95
MISSISSIPPI,CENTRAL,RANKIN,10,99.95
MISSISSIPPI,CENTRAL,SCOTT,13,99.95
MISSISSIPPI,EAST CENTRAL,CHICKASAW,1,99.95
MISSISSIPPI,EAST CENTRAL,CLAY,3,99.95
MISSISSIPPI,EAST CENTRAL,KEMPER,1,99.95
MISSISSIPPI,EAST CENTRAL,LOWNDES,6,99.95
MISSISSIPPI,EAST CENTRAL,MONROE,13,99.95
MISSISSIPPI,EAST CENTRAL,NESHOBA,13,99.95
MISSISSIPPI,EAST CENTRAL,OKTIBBEHA,3,99.95
MISSISSIPPI,EAST CENTRAL,WINSTON,2,99.95
MISSISSIPPI,LOWER DELTA,LEFLORE,5,99.95
MISSISSIPPI,LOWER DELTA,YAZOO,8,99.95
MISSISSIPPI,NORTH CENTRAL,BENTON,4,99.95
MISSISSIPPI,NORTH CENTRAL,CALHOUN,4,99.95
MISSISSIPPI,NORTH CENTRAL,DE SOTO,8,99.95
MISSISSIPPI,NORTH CENTRAL,LAFAYETTE,6,99.95
MISSISSIPPI,NORTH CENTRAL,MARSHALL,11,99.95
MISSISSIPPI,NORTH CENTRAL,PANOLA,2,99.95
MISSISSIPPI,NORTH CENTRAL,YALOBUSHA,2,99.95
MISSISSIPPI,NORTHEAST,ALCORN,6,99.95
MISSISSIPPI,NORTHEAST,ITAWAMBA,1,99.95
MISSISSIPPI,NORTHEAST,LEE,9,99.95
MISSISSIPPI,NORTHEAST,PONTOTOC,7,99.95
MISSISSIPPI,NORTHEAST,PRENTISS,3,99.95
MISSISSIPPI,NORTHEAST,TIPPAH,13,99.95
MISSISSIPPI,NORTHEAST,TISHOMINGO,8,99.95
MISSISSIPPI,NORTHEAST,UNION,6,99.95
MISSISSIPPI,SOUTH CENTRAL,COVINGTON,2,99.95
MISSISSIPPI,SOUTH CENTRAL,LAMAR,5,99.95
MISSISSIPPI,SOUTH CENTRAL,LAWRENCE,1,99.95
MISSISSIPPI,SOUTH CENTRAL,MARION,5,99.95
MISSISSIPPI,SOUTH CENTRAL,PIKE,3,99.95
MISSISSIPPI,SOUTH CENTRAL,SIMPSON,3,99.95
MISSISSIPPI,SOUTH CENTRAL,SMITH,1,99.95
MISSISSIPPI,SOUTH CENTRAL,WALTHALL,11,99.95
MISSISSIPPI,SOUTHEAST AND COASTAL,CLARKE,4,99.95
MISSISSIPPI,SOUTHEAST AND COASTAL,FORREST,7,99.95
MISSISSIPPI,SOUTHEAST AND COASTAL,GEORGE,15,99.95
MISSISSIPPI,SOUTHEAST AND COASTAL,GREENE,11,99.95
MISSISSIPPI,SOUTHEAST AND COASTAL,HARRISON,17,99.95
MISSISSIPPI,SOUTHEAST AND COASTAL,JACKSON,27,99.95
MISSISSIPPI,SOUTHEAST AND COASTAL,JASPER,5,99.95
MISSISSIPPI,SOUTHEAST AND COASTAL,JONES,17,99.95
MISSISSIPPI,SOUTHEAST AND COASTAL,LAUDERDALE,1,99.95
MISSISSIPPI,SOUTHEAST AND COASTAL,NEWTON,9,99.95
MISSISSIPPI,SOUTHEAST AND COASTAL,PEARL RIVER,19,99.95
MISSISSIPPI,SOUTHEAST AND COASTAL,PERRY,6,99.95
MISSISSIPPI,SOUTHEAST AND COASTAL,STONE,4,99.95
MISSISSIPPI,SOUTHEAST AND COASTAL,WAYNE,1,99.95
MISSISSIPPI,SOUTHWEST,AMITE,5,99.95
MISSISSIPPI,SOUTHWEST,CLAIBORNE,2,99.95
MISSISSIPPI,SOUTHWEST,COPIAH,14,99.95
MISSISSIPPI,SOUTHWEST,FRANKLIN,3,99.95
MISSISSIPPI,SOUTHWEST,HINDS,11,99.95
MISSISSIPPI,SOUTHWEST,LINCOLN,18,99.95
MISSISSIPPI,UPPER DELTA,BOLIVAR,2,99.95
MISSISSIPPI,UPPER DELTA,QUITMAN,1,99.95
MISSISSIPPI,UPPER DELTA,TALLAHATCHIE,5,99.95
MISSISSIPPI,UPPER DELTA,TUNICA,1,99.95
MISSOURI,CENTRAL,BENTON,6,99.5
MISSOURI,CENTRAL,BOONE,31,99.5
MISSOURI,CENTRAL,CALLAWAY,19,99.5
MISSOURI,CENTRAL,CAMDEN,8,99.5
MISSOURI,CENTRAL,COLE,11,99.5
MISSOURI,CENTRAL,COOPER,9,99.5
MISSOURI,CENTRAL,DALLAS,16,99.5
MISSOURI,CENTRAL,HICKORY,8,99.5
MISSOURI,CENTRAL,HOWARD,5,99.5
MISSOURI,CENTRAL,LACLEDE,12,99.5
MISSOURI,CENTRAL,MARIES,7,99.5
MISSOURI,CENTRAL,MILLER,7,99.5
MISSOURI,CENTRAL,MONITEAU,10,99.5
MISSOURI,CENTRAL,MORGAN,16,99.5
MISSOURI,CENTRAL,OSAGE,8,99.5
MISSOURI,CENTRAL,PETTIS,17,99.5
MISSOURI,CENTRAL,PHELPS,10,99.5
MISSOURI,CENTRAL,POLK,20,99.5
MISSOURI,CENTRAL,PULASKI,10,99.5
MISSOURI,CENTRAL,SALINE,6,99.5
MISSOURI,EAST,CRAWFORD,6,99.5
MISSOURI,EAST,FRANKLIN,32,99.5
MISSOURI,EAST,GASCONADE,3,99.5
MISSOURI,EAST,JEFFERSON,21,99.5
MISSOURI,EAST,LINCOLN,20,99.5
MISSOURI,EAST,MONTGOMERY,15,99.5
MISSOURI,EAST,PERRY,6,99.5
MISSOURI,EAST,ST CHARLES,13,99.5
MISSOURI,EAST,ST FRANCOIS,7,99.5
MISSOURI,EAST,ST LOUIS,17,99.5
MISSOURI,EAST,STE GENEVIEVE,10,99.5
MISSOURI,EAST,WARREN,9,99.5
MISSOURI,EAST,WASHINGTON,11,99.5
MISSOURI,NORTH CENTRAL,ADAIR,11,99.5
MISSOURI,NORTH CENTRAL,CARROLL,6,99.5
MISSOURI,NORTH CENTRAL,CHARITON,3,99.5
MISSOURI,NORTH CENTRAL,GRUNDY,20,99.5
MISSOURI,NORTH CENTRAL,LINN,11,99.5
MISSOURI,NORTH CENTRAL,LIVINGSTON,6,99.5
MISSOURI,NORTH CENTRAL,MACON,9,99.5
MISSOURI,NORTH CENTRAL,RANDOLPH,14,99.5
MISSOURI,NORTH CENTRAL,SCHUYLER,5,99.5
MISSOURI,NORTH CENTRAL,SULLIVAN,12,99.5
MISSOURI,NORTHEAST,AUDRAIN,12,99.5
MISSOURI,NORTHEAST,CLARK,2,99.5
MISSOURI,NORTHEAST,KNOX,8,99.5
MISSOURI,NORTHEAST,LEWIS,4,99.5
MISSOURI,NORTHEAST,MARION,3,99.5
MISSOURI,NORTHEAST,MONROE,16,99.5
MISSOURI,NORTHEAST,PIKE,9,99.5
MISSOURI,NORTHEAST,RALLS,13,99.5
MISSOURI,NORTHEAST,SCOTLAND,11,99.5
MISSOURI,NORTHEAST,SHELBY,3,99.5
MISSOURI,NORTHWEST,ANDREW,5,99.5
MISSOURI,NORTHWEST,ATCHISON,3,99.5
MISSOURI,NORTHWEST,BUCHANAN,10,99.5
MISSOURI,NORTHWEST,CALDWELL,8,99.5
MISSOURI,NORTHWEST,CLAY,4,99.5
MISSOURI,NORTHWEST,CLINTON,9,99.5
MISSOURI,NORTHWEST,DAVIESS,12,99.5
MISSOURI,NORTHWEST,DE KALB,16,99.5
MISSOURI,NORTHWEST,GENTRY,4,99.5
MISSOURI,NORTHWEST,HARRISON,16,99.5
MISSOURI,NORTHWEST,NODAWAY,16,99.5
MISSOURI,NORTHWEST,PLATTE,8,99.5
MISSOURI,NORTHWEST,RAY,16,99.5
MISSOURI,NORTHWEST,WORTH,7,99.5
MISSOURI,SOUTH CENTRAL,BOLLINGER,12,99.5
MISSOURI,SOUTH CENTRAL,CARTER,7,99.5
MISSOURI,SOUTH CENTRAL,DENT,16,99.5
MISSOURI,SOUTH CENTRAL,DOUGLAS,22,99.5
MISSOURI,SOUTH CENTRAL,HOWELL,19,99.5
MISSOURI,SOUTH CENTRAL,IRON,5,99.5
MISSOURI,SOUTH CENTRAL,MADISON,4,99.5
MISSOURI,SOUTH CENTRAL,OREGON,3,99.5
MISSOURI,SOUTH CENTRAL,OZARK,7,99.5
MISSOURI,SOUTH CENTRAL,REYNOLDS,1,99.5
MISSOURI,SOUTH CENTRAL,RIPLEY,7,99.5
MISSOURI,SOUTH CENTRAL,SHANNON,1,99.5
MISSOURI,SOUTH CENTRAL,TANEY,6,99.5
MISSOURI,SOUTH CENTRAL,TEXAS,20,99.5
MISSOURI,SOUTH CENTRAL,WAYNE,6,99.5
MISSOURI,SOUTH CENTRAL,WEBSTER,30,99.5
MISSOURI,SOUTH CENTRAL,WRIGHT,7,99.5
MISSOURI,SOUTHEAST,BUTLER,2,99.5
MISSOURI,SOUTHEAST,CAPE GIRARDEAU,3,99.5
MISSOURI,SOUTHEAST,DUNKLIN,5,99.5
MISSOURI,SOUTHEAST,MISSISSIPPI,1,99.5
MISSOURI,SOUTHEAST,NEW MADRID,1,99.5
MISSOURI,SOUTHEAST,PEMISCOT,1,99.5
MISSOURI,SOUTHEAST,SCOTT,1,99.5
MISSOURI,SOUTHEAST,STODDARD,13,99.5
MISSOURI,SOUTHWEST,BARRY,19,99.5
MISSOURI,SOUTHWEST,BARTON,11,99.5
MISSOURI,SOUTHWEST,CHRISTIAN,25,99.5
MISSOURI,SOUTHWEST,DADE,9,99.5
MISSOURI,SOUTHWEST,GREENE,29,99.5
MISSOURI,SOUTHWEST,JASPER,28,99.5
MISSOURI,SOUTHWEST,LAWRENCE,22,99.5
MISSOURI,SOUTHWEST,MCDONALD,6,99.5
MISSOURI,SOUTHWEST,NEWTON,27,99.5
MISSOURI,SOUTHWEST,STONE,14,99.5
MISSOURI,WEST,BATES,11,99.5
MISSOURI,WEST,CASS,29,99.5
MISSOURI,WEST,CEDAR,5,99.5
MISSOURI,WEST,HENRY,4,99.5
MISSOURI,WEST,JACKSON,20,99.5
MISSOURI,WEST,JOHNSON,20,99.5
MISSOURI,WEST,LAFAYETTE,6,99.5
MISSOURI,WEST,ST CLAIR,5,99.5
MISSOURI,WEST,VERNON,32,99.5
MONTANA,CENTRAL,BROADWATER,1,77.8
MONTANA,CENTRAL,CASCADE,4,77.8
MONTANA,CENTRAL,FERGUS,9,77.8
MONTANA,CENTRAL,LEWIS AND CLARK,10,77.8
MONTANA,CENTRAL,PETROLEUM,2,77.8
MONTANA,CENTRAL,WHEATLAND,3,77.8
MONTANA,NORTH CENTRAL,BLAINE,5,77.8
MONTANA,NORTH CENTRAL,CHOUTEAU,3,77.8
MONTANA,NORTH CENTRAL,GLACIER,1,77.8
MONTANA,NORTH CENTRAL,HILL,1,77.8
MONTANA,NORTH CENTRAL,PHILLIPS,1,77.8
MONTANA,NORTH CENTRAL,PONDERA,5,77.8
MONTANA,NORTH CENTRAL,TETON,3,77.8
MONTANA,NORTHEAST,DANIELS,2,77.8
MONTANA,NORTHEAST,DAWSON,1,77.8
MONTANA,NORTHEAST,GARFIELD,2,77.8
MONTANA,NORTHEAST,MCCONE,4,77.8
MONTANA,NORTHEAST,RICHLAND,3,77.8
MONTANA,NORTHEAST,ROOSEVELT,2,77.8
MONTANA,NORTHWEST,FLATHEAD,36,77.8
MONTANA,NORTHWEST,GRANITE,3,77.8
MONTANA,NORTHWEST,LAKE,15,77.8
MONTANA,NORTHWEST,LINCOLN,10,77.8
MONTANA,NORTHWEST,MINERAL,4,77.8
MONTANA,NORTHWEST,MISSOULA,15,77.8
MONTANA,NORTHWEST,RAVALLI,43,77.8
MONTANA,NORTHWEST,SANDERS,12,77.8
MONTANA,SOUTH CENTRAL,BIG HORN,2,77.8
MONTANA,SOUTH CENTRAL,CARBON,7,77.8
MONTANA,SOUTH CENTRAL,PARK,7,77.8
MONTANA,SOUTH CENTRAL,STILLWATER,4,77.8
MONTANA,SOUTH CENTRAL,SWEET GRASS,2,77.8
MONTANA,SOUTH CENTRAL,TREASURE,2,77.8
MONTANA,SOUTH CENTRAL,YELLOWSTONE,14,77.8
MONTANA,SOUTHEAST,CARTER,2,77.8
MONTANA,SOUTHEAST,CUSTER,1,77.8
MONTANA,SOUTHEAST,POWDER RIVER,1,77.8
MONTANA,SOUTHEAST,ROSEBUD,5,77.8
MONTANA,SOUTHWEST,BEAVERHEAD,1,77.8
MONTANA,SOUTHWEST,GALLATIN,21,77.8
MONTANA,SOUTHWEST,JEFFERSON,3,77.8
MONTANA,SOUTHWEST,MADISON,9,77.8
NEBRASKA,CENTRAL,BUFFALO,7,74.6
NEBRASKA,CENTRAL,CUSTER,1,0.05
NEBRASKA,CENTRAL,DAWSON,8,74.6
NEBRASKA,CENTRAL,GREELEY,4,74.6
NEBRASKA,CENTRAL,HALL,3,74.6
NEBRASKA,CENTRAL,HOWARD,4,74.6
NEBRASKA,CENTRAL,VALLEY,2,74.6
NEBRASKA,EAST,BUTLER,9,74.6
NEBRASKA,EAST,CASS,19,74.6
NEBRASKA,EAST,DODGE,9,74.6
NEBRASKA,EAST,DOUGLAS,8,74.6
NEBRASKA,EAST,HAMILTON,7,74.6
NEBRASKA,EAST,LANCASTER,42,74.6
NEBRASKA,EAST,MERRICK,2,74.6
NEBRASKA,EAST,NANCE,1,74.6
NEBRASKA,EAST,SARPY,5,74.6
NEBRASKA,EAST,SAUNDERS,20,74.6
NEBRASKA,EAST,SEWARD,9,74.6
NEBRASKA,EAST,WASHINGTON,15,74.6
NEBRASKA,EAST,YORK,2,74.6
NEBRASKA,NORTH,CHERRY,1,74.6
NEBRASKA,NORTH,GRANT,1,74.6
NEBRASKA,NORTH,HOLT,6,74.6
NEBRASKA,NORTH,LOGAN,2,74.6
NEBRASKA,NORTH,MCPHERSON,4,74.6
NEBRASKA,NORTH,ROCK,1,74.6
NEBRASKA,NORTH,WHEELER,2,74.6
NEBRASKA,NORTHEAST,ANTELOPE,6,74.6
NEBRASKA,NORTHEAST,BOONE,3,74.6
NEBRASKA,NORTHEAST,BURT,2,74.6
NEBRASKA,NORTHEAST,CEDAR,9,74.6
NEBRASKA,NORTHEAST,CUMING,1,74.6
NEBRASKA,NORTHEAST,DAKOTA,8,74.6
NEBRASKA,NORTHEAST,MADISON,1,74.6
NEBRASKA,NORTHEAST,PIERCE,4,74.6
NEBRASKA,NORTHEAST,STANTON,2,74.6
NEBRASKA,NORTHEAST,WAYNE,6,74.6
NEBRASKA,NORTHWEST,BANNER,7,74.6
NEBRASKA,NORTHWEST,BOX BUTTE,2,74.6
NEBRASKA,NORTHWEST,CHEYENNE,1,74.6
NEBRASKA,NORTHWEST,DAWES,3,74.6
NEBRASKA,NORTHWEST,MORRILL,2,74.6
NEBRASKA,NORTHWEST,SCOTTS BLUFF,10,74.6
NEBRASKA,NORTHWEST,SHERIDAN,1,74.6
NEBRASKA,NORTHWEST,SIOUX,4,74.6
NEBRASKA,SOUTH,ADAMS,1,74.6
NEBRASKA,SOUTH,FRANKLIN,1,74.6
NEBRASKA,SOUTH,HARLAN,1,74.6
NEBRASKA,SOUTH,KEARNEY,4,74.6
NEBRASKA,SOUTH,WEBSTER,2,74.6
NEBRASKA,SOUTHEAST,CLAY,9,74.6
NEBRASKA,SOUTHEAST,FILLMORE,3,74.6
NEBRASKA,SOUTHEAST,GAGE,8,74.6
NEBRASKA,SOUTHEAST,JEFFERSON,3,74.6
NEBRASKA,SOUTHEAST,JOHNSON,4,74.6
NEBRASKA,SOUTHEAST,NEMAHA,3,74.6
NEBRASKA,SOUTHEAST,NUCKOLLS,2,74.6
NEBRASKA,SOUTHEAST,OTOE,15,74.6
NEBRASKA,SOUTHEAST,PAWNEE,4,74.6
NEBRASKA,SOUTHEAST,RICHARDSON,2,74.6
NEBRASKA,SOUTHEAST,SALINE,5,74.6
NEBRASKA,SOUTHEAST,THAYER,4,74.6
NEBRASKA,SOUTHWEST,HAYES,1,74.6
NEBRASKA,SOUTHWEST,KEITH,4,74.6
NEBRASKA,SOUTHWEST,LINCOLN,3,74.6
NEBRASKA,SOUTHWEST,PERKINS,6,74.6
NEBRASKA,SOUTHWEST,RED WILLOW,6,74.6
NEVADA,NORTHEAST,ELKO,9,55.7
NEVADA,NORTHEAST,WHITE PINE,1,55.7
NEVADA,NORTHWEST,CARSON CITY,1,55.7
NEVADA,NORTHWEST,CHURCHILL,3,55.7
NEVADA,NORTHWEST,DOUGLAS,1,55.7
NEVADA,NORTHWEST,HUMBOLDT,2,55.7
NEVADA,NORTHWEST,LYON,12,55.7
NEVADA,NORTHWEST,PERSHING,1,55.7
NEVADA,NORTHWEST,WASHOE,20,55.7
NEVADA,SOUTH,CLARK,4,55.7
NEVADA,SOUTH,LINCOLN,5,55.7
NEVADA,SOUTH,NYE,8,55.7
NEW HAMPSHIRE,ALL COUNTIES,BELKNAP,9,99.95
NEW HAMPSHIRE,ALL COUNTIES,CARROLL,26,99.95
NEW HAMPSHIRE,ALL COUNTIES,CHESHIRE,16,99.95
NEW HAMPSHIRE,ALL COUNTIES,COOS,6,99.95
NEW HAMPSHIRE,ALL COUNTIES,GRAFTON,19,99.95
NEW HAMPSHIRE,ALL COUNTIES,HILLSBOROUGH,19,99.95
NEW HAMPSHIRE,ALL COUNTIES,MERRIMACK,19,99.95
NEW HAMPSHIRE,ALL COUNTIES,ROCKINGHAM,41,99.95
NEW HAMPSHIRE,ALL COUNTIES,STRAFFORD,16,99.95
NEW HAMPSHIRE,ALL COUNTIES,SULLIVAN,14,99.95
NEW JERSEY,CENTRAL,BURLINGTON,35,72.8
NEW JERSEY,CENTRAL,MERCER,7,72.8
NEW JERSEY,CENTRAL,MIDDLESEX,21,72.8
NEW JERSEY,CENTRAL,MONMOUTH,72,72.8
NEW JERSEY,CENTRAL,OCEAN,8,72.8
NEW JERSEY,NORTH,BERGEN,8,72.8
NEW JERSEY,NORTH,ESSEX,6,72.8
NEW JERSEY,NORTH,HUNTERDON,76,72.8
NEW JERSEY,NORTH,MORRIS,50,72.8
NEW JERSEY,NORTH,PASSAIC,3,72.8
NEW JERSEY,NORTH,SOMERSET,26,72.8
NEW JERSEY,NORTH,SUSSEX,43,72.8
NEW JERSEY,NORTH,WARREN,33,72.8
NEW JERSEY,SOUTH,ATLANTIC,14,72.8
NEW JERSEY,SOUTH,CAMDEN,6,72.8
NEW JERSEY,SOUTH,CAPE MAY,14,72.8
NEW JERSEY,SOUTH,CUMBERLAND,16,72.8
NEW JERSEY,SOUTH,GLOUCESTER,6,72.8
NEW JERSEY,SOUTH,SALEM,9,72.8
NEW MEXICO,NORTHEAST,COLFAX,1,99.95
NEW MEXICO,NORTHEAST,CURRY,4,99.95
NEW MEXICO,NORTHEAST,DE BACA,2,99.95
NEW MEXICO,NORTHEAST,GUADALUPE,4,99.95
NEW MEXICO,NORTHEAST,MORA,10,99.95
NEW MEXICO,NORTHEAST,ROOSEVELT,5,99.95
NEW MEXICO,NORTHEAST,SAN MIGUEL,4,99.95
NEW MEXICO,NORTHEAST,TORRANCE,5,99.95
NEW MEXICO,NORTHWEST,BERNALILLO,38,99.95
NEW MEXICO,NORTHWEST,RIO ARRIBA,29,99.95
NEW MEXICO,NORTHWEST,SAN JUAN,2,99.95
NEW MEXICO,NORTHWEST,SANDOVAL,20,99.95
NEW MEXICO,NORTHWEST,SANTA FE,25,99.95
NEW MEXICO,NORTHWEST,TAOS,26,99.95
NEW MEXICO,NORTHWEST,VALENCIA,55,99.95
NEW MEXICO,SOUTHEAST,CHAVES,17,99.95
NEW MEXICO,SOUTHEAST,DONA ANA,13,99.95
NEW MEXICO,SOUTHEAST,EDDY,1,99.95
NEW MEXICO,SOUTHEAST,LEA,3,99.95
NEW MEXICO,SOUTHEAST,LINCOLN,10,99.95
NEW MEXICO,SOUTHEAST,OTERO,15,99.95
NEW MEXICO,SOUTHWEST,CATRON,1,99.95
NEW MEXICO,SOUTHWEST,HIDALGO,2,99.95
NEW MEXICO,SOUTHWEST,SIERRA,5,99.95
NEW MEXICO,SOUTHWEST,SOCORRO,2,99.95
NEW YORK,CENTRAL,CAYUGA,15,79.3
NEW YORK,CENTRAL,CHENANGO,22,79.3
NEW YORK,CENTRAL,CORTLAND,33,79.3
NEW YORK,CENTRAL,HERKIMER,16,79.3
NEW YORK,CENTRAL,MADISON,18,79.3
NEW YORK,CENTRAL,ONEIDA,36,79.3
NEW YORK,CENTRAL,ONONDAGA,34,79.3
NEW YORK,CENTRAL,OSWEGO,21,79.3
NEW YORK,CENTRAL,OTSEGO,36,79.3
NEW YORK,EASTERN,ALBANY,33,79.3
NEW YORK,EASTERN,FULTON,18,79.3
NEW YORK,EASTERN,MONTGOMERY,24,79.3
NEW YORK,EASTERN,RENSSELAER,23,79.3
NEW YORK,EASTERN,SARATOGA,37,79.3
NEW YORK,EASTERN,SCHENECTADY,7,79.3
NEW YORK,EASTERN,SCHOHARIE,20,79.3
NEW YORK,EASTERN,WASHINGTON,27,79.3
NEW YORK,LONG ISLAND,KINGS,2,79.3
NEW YORK,LONG ISLAND,NASSAU,2,79.3
NEW YORK,LONG ISLAND,QUEENS,2,79.3
NEW YORK,LONG ISLAND,SUFFOLK,52,79.3
NEW YORK,NORTHEAST,CLINTON,14,79.3
NEW YORK,NORTHEAST,ESSEX,12,79.3
NEW YORK,NORTHEAST,FRANKLIN,15,79.3
NEW YORK,NORTHEAST,WARREN,4,79.3
NEW YORK,NORTHERN,JEFFERSON,20,79.3
NEW YORK,NORTHERN,LEWIS,12,79.3
NEW YORK,NORTHERN,ST LAWRENCE,34,79.3
NEW YORK,SOUTHEAST,COLUMBIA,23,79.3
NEW YORK,SOUTHEAST,DELAWARE,47,79.3
NEW YORK,SOUTHEAST,DUTCHESS,43,79.3
NEW YORK,SOUTHEAST,GREENE,17,79.3
NEW YORK,SOUTHEAST,ORANGE,17,79.3
NEW YORK,SOUTHEAST,PUTNAM,7,79.3
NEW YORK,SOUTHEAST,ROCKLAND,2,79.3
NEW YORK,SOUTHEAST,SULLIVAN,16,79.3
NEW YORK,SOUTHEAST,ULSTER,21,79.3
NEW YORK,SOUTHEAST,WESTCHESTER,22,79.3
NEW YORK,SOUTHERN,BROOME,17,79.3
NEW YORK,SOUTHERN,CHEMUNG,26,79.3
NEW YORK,SOUTHERN,SCHUYLER,13,79.3
NEW YORK,SOUTHERN,TIOGA,15,79.3
NEW YORK,SOUTHERN,TOMPKINS,21,79.3
NEW YORK,SOUTHWEST,ALLEGANY,27,79.3
NEW YORK,SOUTHWEST,CATTARAUGUS,34,79.3
NEW YORK,SOUTHWEST,CHAUTAUQUA,26,79.3
NEW YORK,SOUTHWEST,STEUBEN,38,79.3
NEW YORK,WESTERN,ERIE,26,79.3
NEW YORK,WESTERN,GENESEE,18,79.3
NEW YORK,WESTERN,LIVINGSTON,14,79.3
NEW YORK,WESTERN,MONROE,22,79.3
NEW YORK,WESTERN,NIAGARA,16,79.3
NEW YORK,WESTERN,ONTARIO,34,79.3
NEW YORK,WESTERN,ORLEANS,8,79.3
NEW YORK,WESTERN,SENECA,9,79.3
NEW YORK,WESTERN,WAYNE,25,79.3
NEW YORK,WESTERN,WYOMING,22,79.3
NEW YORK,WESTERN,YATES,16,79.3
NORTH CAROLINA,CENTRAL COASTAL,CARTERET,6,99.95
NORTH CAROLINA,CENTRAL COASTAL,CRAVEN,17,99.95
NORTH CAROLINA,CENTRAL COASTAL,GREENE,4,99.95
NORTH CAROLINA,CENTRAL COASTAL,HYDE,1,99.95
NORTH CAROLINA,CENTRAL COASTAL,JOHNSTON,23,99.95
NORTH CAROLINA,CENTRAL COASTAL,JONES,6,99.95
NORTH CAROLINA,CENTRAL COASTAL,LENOIR,4,99.95
NORTH CAROLINA,CENTRAL COASTAL,PAMLICO,5,99.95
NORTH CAROLINA,CENTRAL COASTAL,PITT,8,99.95
NORTH CAROLINA,CENTRAL COASTAL,WAYNE,11,99.95
NORTH CAROLINA,CENTRAL COASTAL,WILSON,6,99.95
NORTH CAROLINA,CENTRAL PIEDMONT,ALEXANDER,12,99.95
NORTH CAROLINA,CENTRAL PIEDMONT,CATAWBA,10,99.95
NORTH CAROLINA,CENTRAL PIEDMONT,CHATHAM,35,99.95
NORTH CAROLINA,CENTRAL PIEDMONT,DAVIDSON,25,99.95
NORTH CAROLINA,CENTRAL PIEDMONT,DAVIE,32,99.95
NORTH CAROLINA,CENTRAL PIEDMONT,IREDELL,19,99.95
NORTH CAROLINA,CENTRAL PIEDMONT,LEE,7,99.95
NORTH CAROLINA,CENTRAL PIEDMONT,RANDOLPH,38,99.95
NORTH CAROLINA,CENTRAL PIEDMONT,ROWAN,34,99.95
NORTH CAROLINA,CENTRAL PIEDMONT,WAKE,34,99.95
NORTH CAROLINA,NORTHERN COASTAL,BERTIE,4,99.95
NORTH CAROLINA,NORTHERN COASTAL,CHOWAN,1,99.95
NORTH CAROLINA,NORTHERN COASTAL,CURRITUCK,6,99.95
NORTH CAROLINA,NORTHERN COASTAL,EDGECOMBE,5,99.95
NORTH CAROLINA,NORTHERN COASTAL,GATES,6,99.95
NORTH CAROLINA,NORTHERN COASTAL,HALIFAX,8,99.95
NORTH CAROLINA,NORTHERN COASTAL,HERTFORD,4,99.95
NORTH CAROLINA,NORTHERN COASTAL,MARTIN,2,99.95
NORTH CAROLINA,NORTHERN COASTAL,NASH,4,99.95
NORTH CAROLINA,NORTHERN COASTAL,NORTHAMPTON,2,99.95
NORTH CAROLINA,NORTHERN COASTAL,PASQUOTANK,1,99.95
NORTH CAROLINA,NORTHERN COASTAL,PERQUIMANS,1,99.95
NORTH CAROLINA,NORTHERN COASTAL,TYRRELL,1,99.95
NORTH CAROLINA,NORTHERN MOUNTAIN,ALLEGHANY,17,99.95
NORTH CAROLINA,NORTHERN MOUNTAIN,ASHE,21,99.95
NORTH CAROLINA,NORTHERN MOUNTAIN,AVERY,16,99.95
NORTH CAROLINA,NORTHERN MOUNTAIN,CALDWELL,26,99.95
NORTH CAROLINA,NORTHERN MOUNTAIN,SURRY,33,99.95
NORTH CAROLINA,NORTHERN MOUNTAIN,WATAUGA,26,99.95
NORTH CAROLINA,NORTHERN MOUNTAIN,WILKES,23,99.95
NORTH CAROLINA,NORTHERN MOUNTAIN,YADKIN,8,99.95
NORTH CAROLINA,NORTHERN PIEDMONT,ALAMANCE,19,99.95
NORTH CAROLINA,NORTHERN PIEDMONT,CASWELL,28,99.95
NORTH CAROLINA,NORTHERN PIEDMONT,DURHAM,13,99.95
NORTH CAROLINA,NORTHERN PIEDMONT,FORSYTH,33,99.95
NORTH CAROLINA,NORTHERN PIEDMONT,FRANKLIN,17,99.95
NORTH CAROLINA,NORTHERN PIEDMONT,GRANVILLE,18,99.95
NORTH CAROLINA,NORTHERN PIEDMONT,GUILFORD,23,99.95
NORTH CAROLINA,NORTHERN PIEDMONT,ORANGE,21,99.95
NORTH CAROLINA,NORTHERN PIEDMONT,PERSON,16,99.95
NORTH CAROLINA,NORTHERN PIEDMONT,ROCKINGHAM,42,99.95
NORTH CAROLINA,NORTHERN PIEDMONT,STOKES,29,99.95
NORTH CAROLINA,NORTHERN PIEDMONT,VANCE,7,99.95
NORTH CAROLINA,NORTHERN PIEDMONT,WARREN,2,99.95
NORTH CAROLINA,SOUTHERN COASTAL,BLADEN,10,99.95
NORTH CAROLINA,SOUTHERN COASTAL,BRUNSWICK,8,99.95
NORTH CAROLINA,SOUTHERN COASTAL,COLUMBUS,20,99.95
NORTH CAROLINA,SOUTHERN COASTAL,CUMBERLAND,3,99.95
NORTH CAROLINA,SOUTHERN COASTAL,DUPLIN,4,99.95
NORTH CAROLINA,SOUTHERN COASTAL,HARNETT,31,99.95
NORTH CAROLINA,SOUTHERN COASTAL,HOKE,17,99.95
NORTH CAROLINA,SOUTHERN COASTAL,NEW HANOVER,9,99.95
NORTH CAROLINA,SOUTHERN COASTAL,ONSLOW,6,99.95
NORTH CAROLINA,SOUTHERN COASTAL,PENDER,6,99.95
NORTH CAROLINA,SOUTHERN COASTAL,ROBESON,7,99.95
NORTH CAROLINA,SOUTHERN COASTAL,SAMPSON,8,99.95
NORTH CAROLINA,SOUTHERN COASTAL,SCOTLAND,6,99.95
NORTH CAROLINA,SOUTHERN PIEDMONT,ANSON,8,99.95
NORTH CAROLINA,SOUTHERN PIEDMONT,CABARRUS,18,99.95
NORTH CAROLINA,SOUTHERN PIEDMONT,CLEVELAND,29,99.95
NORTH CAROLINA,SOUTHERN PIEDMONT,GASTON,20,99.95
NORTH CAROLINA,SOUTHERN PIEDMONT,LINCOLN,30,99.95
NORTH CAROLINA,SOUTHERN PIEDMONT,MECKLENBURG,13,99.95
NORTH CAROLINA,SOUTHERN PIEDMONT,MONTGOMERY,8,99.95
NORTH CAROLINA,SOUTHERN PIEDMONT,MOORE,13,99.95
NORTH CAROLINA,SOUTHERN PIEDMONT,RICHMOND,7,99.95
NORTH CAROLINA,SOUTHERN PIEDMONT,STANLY,11,99.95
NORTH CAROLINA,SOUTHERN PIEDMONT,UNION,26,99.95
NORTH CAROLINA,WESTERN MOUNTAIN,BUNCOMBE,59,99.95
NORTH CAROLINA,WESTERN MOUNTAIN,BURKE,32,99.95
NORTH CAROLINA,WESTERN MOUNTAIN,CHEROKEE,16,99.95
NORTH CAROLINA,WESTERN MOUNTAIN,CLAY,3,99.95
NORTH CAROLINA,WESTERN MOUNTAIN,GRAHAM,6,99.95
NORTH CAROLINA,WESTERN MOUNTAIN,HAYWOOD,33,99.95
NORTH CAROLINA,WESTERN MOUNTAIN,HENDERSON,22,99.95
NORTH CAROLINA,WESTERN MOUNTAIN,JACKSON,11,99.95
NORTH CAROLINA,WESTERN MOUNTAIN,MACON,21,99.95
NORTH CAROLINA,WESTERN MOUNTAIN,MADISON,41,99.95
NORTH CAROLINA,WESTERN MOUNTAIN,MCDOWELL,17,99.95
NORTH CAROLINA,WESTERN MOUNTAIN,MITCHELL,12,99.95
NORTH CAROLINA,WESTERN MOUNTAIN,POLK,4,99.95
NORTH CAROLINA,WESTERN MOUNTAIN,RUTHERFORD,27,99.95
NORTH CAROLINA,WESTERN MOUNTAIN,SWAIN,4,99.95
NORTH CAROLINA,WESTERN MOUNTAIN,TRANSYLVANIA,15,99.95
NORTH CAROLINA,WESTERN MOUNTAIN,YANCEY,11,99.95
NORTH DAKOTA,CENTRAL,EDDY,1,79.9
NORTH DAKOTA,CENTRAL,FOSTER,3,79.9
NORTH DAKOTA,CENTRAL,KIDDER,5,79.9
NORTH DAKOTA,CENTRAL,STUTSMAN,4,79.9
NORTH DAKOTA,CENTRAL,WELLS,1,79.9
NORTH DAKOTA,EAST CENTRAL,BARNES,1,79.9
NORTH DAKOTA,EAST CENTRAL,CASS,12,79.9
NORTH DAKOTA,EAST CENTRAL,STEELE,1,79.9
NORTH DAKOTA,EAST CENTRAL,TRAILL,1,79.9
NORTH DAKOTA,NORTH CENTRAL,BOTTINEAU,8,79.9
NORTH DAKOTA,NORTH CENTRAL,MCHENRY,9,79.9
NORTH DAKOTA,NORTH CENTRAL,PIERCE,4,79.9
NORTH DAKOTA,NORTH CENTRAL,ROLETTE,5,79.9
NORTH DAKOTA,NORTHEAST,CAVALIER,3,79.9
NORTH DAKOTA,NORTHEAST,GRAND FORKS,9,79.9
NORTH DAKOTA,NORTHEAST,NELSON,2,79.9
NORTH DAKOTA,NORTHEAST,PEMBINA,1,79.9
NORTH DAKOTA,NORTHEAST,RAMSEY,7,79.9
NORTH DAKOTA,NORTHEAST,TOWNER,1,79.9
NORTH DAKOTA,NORTHEAST,WALSH,9,79.9
NORTH DAKOTA,NORTHWEST,BURKE,1,79.9
NORTH DAKOTA,NORTHWEST,MOUNTRAIL,3,79.9
NORTH DAKOTA,NORTHWEST,WARD,11,79.9
NORTH DAKOTA,NORTHWEST,WILLIAMS,4,79.9
NORTH DAKOTA,SOUTH CENTRAL,BURLEIGH,10,79.9
NORTH DAKOTA,SOUTH CENTRAL,EMMONS,3,79.9
NORTH DAKOTA,SOUTH CENTRAL,GRANT,5,79.9
NORTH DAKOTA,SOUTH CENTRAL,MORTON,6,79.9
NORTH DAKOTA,SOUTHEAST,DICKEY,1,79.9
NORTH DAKOTA,SOUTHEAST,LA MOURE,2,79.9
NORTH DAKOTA,SOUTHEAST,LOGAN,1,79.9
NORTH DAKOTA,SOUTHEAST,MCINTOSH,1,79.9
NORTH DAKOTA,SOUTHEAST,RANSOM,2,79.9
NORTH DAKOTA,SOUTHEAST,RICHLAND,10,79.9
NORTH DAKOTA,SOUTHEAST,SARGENT,1,79.9
NORTH DAKOTA,SOUTHWEST,ADAMS,7,79.9
NORTH DAKOTA,SOUTHWEST,BOWMAN,1,79.9
NORTH DAKOTA,SOUTHWEST,HETTINGER,9,79.9
NORTH DAKOTA,SOUTHWEST,SLOPE,1,79.9
NORTH DAKOTA,SOUTHWEST,STARK,6,79.9
NORTH DAKOTA,WEST CENTRAL,DUNN,1,79.9
NORTH DAKOTA,WEST CENTRAL,MCKENZIE,3,79.9
NORTH DAKOTA,WEST CENTRAL,MCLEAN,7,79.9
NORTH DAKOTA,WEST CENTRAL,OLIVER,2,79.9
OHIO,CENTRAL,DELAWARE,32,99.95
OHIO,CENTRAL,FAIRFIELD,28,99.95
OHIO,CENTRAL,FAYETTE,14,99.95
OHIO,CENTRAL,FRANKLIN,23,99.95
OHIO,CENTRAL,KNOX,49,99.95
OHIO,CENTRAL,LICKING,22,99.95
OHIO,CENTRAL,MADISON,10,99.95
OHIO,CENTRAL,MARION,5,99.95
OHIO,CENTRAL,MORROW,26,99.95
OHIO,CENTRAL,PICKAWAY,30,99.95
OHIO,CENTRAL,ROSS,43,99.95
OHIO,CENTRAL,UNION,22,99.95
OHIO,EAST CENTRAL,BELMONT,23,99.95
OHIO,EAST CENTRAL,CARROLL,10,99.95
OHIO,EAST CENTRAL,COSHOCTON,22,99.95
OHIO,EAST CENTRAL,HARRISON,5,99.95
OHIO,EAST CENTRAL,HOLMES,47,99.95
OHIO,EAST CENTRAL,JEFFERSON,6,99.95
OHIO,EAST CENTRAL,TUSCARAWAS,18,99.95
OHIO,NORTH CENTRAL,ASHLAND,43,99.95
OHIO,NORTH CENTRAL,CRAWFORD,6,99.95
OHIO,NORTH CENTRAL,ERIE,10,99.95
OHIO,NORTH CENTRAL,HURON,7,99.95
OHIO,NORTH CENTRAL,LORAIN,45,99.95
OHIO,NORTH CENTRAL,OTTAWA,9,99.95
OHIO,NORTH CENTRAL,RICHLAND,40,99.95
OHIO,NORTH CENTRAL,SANDUSKY,3,99.95
OHIO,NORTH CENTRAL,SENECA,14,99.95
OHIO,NORTH CENTRAL,WYANDOT,11,99.95
OHIO,NORTHEAST,ASHTABULA,50,99.95
OHIO,NORTHEAST,COLUMBIANA,8,99.95
OHIO,NORTHEAST,CUYAHOGA,17,99.95
OHIO,NORTHEAST,GEAUGA,41,99.95
OHIO,NORTHEAST,LAKE,11,99.95
OHIO,NORTHEAST,MAHONING,20,99.95
OHIO,NORTHEAST,MEDINA,78,99.95
OHIO,NORTHEAST,PORTAGE,58,99.95
OHIO,NORTHEAST,STARK,48,99.95
OHIO,NORTHEAST,SUMMIT,41,99.95
OHIO,NORTHEAST,TRUMBULL,31,99.95
OHIO,NORTHEAST,WAYNE,62,99.95
OHIO,NORTHWEST,ALLEN,8,99.95
OHIO,NORTHWEST,DEFIANCE,12,99.95
OHIO,NORTHWEST,FULTON,11,99.95
OHIO,NORTHWEST,HANCOCK,7,99.95
OHIO,NORTHWEST,HENRY,7,99.95
OHIO,NORTHWEST,LUCAS,11,99.95
OHIO,NORTHWEST,PAULDING,6,99.95
OHIO,NORTHWEST,PUTNAM,6,99.95
OHIO,NORTHWEST,VAN WERT,6,99.95
OHIO,NORTHWEST,WILLIAMS,16,99.95
OHIO,NORTHWEST,WOOD,9,99.95
OHIO,SOUTH CENTRAL,ADAMS,26,99.95
OHIO,SOUTH CENTRAL,BROWN,24,99.95
OHIO,SOUTH CENTRAL,GALLIA,11,99.95
OHIO,SOUTH CENTRAL,HIGHLAND,29,99.95
OHIO,SOUTH CENTRAL,JACKSON,13,99.95
OHIO,SOUTH CENTRAL,LAWRENCE,11,99.95
OHIO,SOUTH CENTRAL,PIKE,12,99.95
OHIO,SOUTH CENTRAL,SCIOTO,17,99.95
OHIO,SOUTHEAST,ATHENS,26,99.95
OHIO,SOUTHEAST,GUERNSEY,12,99.95
OHIO,SOUTHEAST,HOCKING,13,99.95
OHIO,SOUTHEAST,MEIGS,9,99.95
OHIO,SOUTHEAST,MONROE,5,99.95
OHIO,SOUTHEAST,MORGAN,12,99.95
OHIO,SOUTHEAST,MUSKINGUM,23,99.95
OHIO,SOUTHEAST,NOBLE,13,99.95
OHIO,SOUTHEAST,PERRY,24,99.95
OHIO,SOUTHEAST,VINTON,1,99.95
OHIO,SOUTHEAST,WASHINGTON,7,99.95
OHIO,SOUTHWEST,BUTLER,40,99.95
OHIO,SOUTHWEST,CLERMONT,19,99.95
OHIO,SOUTHWEST,CLINTON,22,99.95
OHIO,SOUTHWEST,GREENE,24,99.95
OHIO,SOUTHWEST,HAMILTON,15,99.95
OHIO,SOUTHWEST,MONTGOMERY,31,99.95
OHIO,SOUTHWEST,PREBLE,19,99.95
OHIO,SOUTHWEST,WARREN,31,99.95
OHIO,WEST CENTRAL,AUGLAIZE,3,99.95
OHIO,WEST CENTRAL,CHAMPAIGN,13,99.95
OHIO,WEST CENTRAL,CLARK,26,99.95
OHIO,WEST CENTRAL,DARKE,22,99.95
OHIO,WEST CENTRAL,HARDIN,11,99.95
OHIO,WEST CENTRAL,LOGAN,23,99.95
OHIO,WEST CENTRAL,MERCER,3,99.95
OHIO,WEST CENTRAL,MIAMI,14,99.95
OHIO,WEST CENTRAL,SHELBY,13,99.95
OKLAHOMA,CENTRAL,CANADIAN,3,99.95
OKLAHOMA,CENTRAL,CLEVELAND,9,99.95
OKLAHOMA,CENTRAL,CREEK,22,99.95
OKLAHOMA,CENTRAL,GRADY,10,99.95
OKLAHOMA,CENTRAL,KINGFISHER,4,99.95
OKLAHOMA,CENTRAL,LINCOLN,21,99.95
OKLAHOMA,CENTRAL,LOGAN,23,99.95
OKLAHOMA,CENTRAL,MCCLAIN,11,99.95
OKLAHOMA,CENTRAL,OKFUSKEE,3,99.95
OKLAHOMA,CENTRAL,OKLAHOMA,13,99.95
OKLAHOMA,CENTRAL,PAYNE,19,99.95
OKLAHOMA,CENTRAL,POTTAWATOMIE,14,99.95
OKLAHOMA,CENTRAL,SEMINOLE,13,99.95
OKLAHOMA,EAST CENTRAL,ADAIR,20,99.95
OKLAHOMA,EAST CENTRAL,CHEROKEE,8,99.95
OKLAHOMA,EAST CENTRAL,HASKELL,13,99.95
OKLAHOMA,EAST CENTRAL,HUGHES,6,99.95
OKLAHOMA,EAST CENTRAL,MCINTOSH,9,99.95
OKLAHOMA,EAST CENTRAL,MUSKOGEE,21,99.95
OKLAHOMA,EAST CENTRAL,OKMULGEE,14,99.95
OKLAHOMA,EAST CENTRAL,PITTSBURG,19,99.95
OKLAHOMA,EAST CENTRAL,SEQUOYAH,7,99.95
OKLAHOMA,NORTH CENTRAL,GARFIELD,10,99.95
OKLAHOMA,NORTH CENTRAL,GRANT,1,99.95
OKLAHOMA,NORTH CENTRAL,KAY,5,99.95
OKLAHOMA,NORTH CENTRAL,MAJOR,4,99.95
OKLAHOMA,NORTH CENTRAL,NOBLE,5,99.95
OKLAHOMA,NORTHEAST,CRAIG,17,99.95
OKLAHOMA,NORTHEAST,DELAWARE,10,99.95
OKLAHOMA,NORTHEAST,MAYES,11,99.95
OKLAHOMA,NORTHEAST,NOWATA,3,99.95
OKLAHOMA,NORTHEAST,OSAGE,32,99.95
OKLAHOMA,NORTHEAST,OTTAWA,13,99.95
OKLAHOMA,NORTHEAST,PAWNEE,8,99.95
OKLAHOMA,NORTHEAST,ROGERS,28,99.95
OKLAHOMA,NORTHEAST,TULSA,29,99.95
OKLAHOMA,NORTHEAST,WAGONER,18,99.95
OKLAHOMA,NORTHEAST,WASHINGTON,5,99.95
OKLAHOMA,PANHANDLE,CIMARRON,1,99.95
OKLAHOMA,PANHANDLE,HARPER,1,99.95
OKLAHOMA,PANHANDLE,TEXAS,2,99.95
OKLAHOMA,SOUTH CENTRAL,ATOKA,6,99.95
OKLAHOMA,SOUTH CENTRAL,BRYAN,23,99.95
OKLAHOMA,SOUTH CENTRAL,CARTER,2,99.95
OKLAHOMA,SOUTH CENTRAL,COAL,7,99.95
OKLAHOMA,SOUTH CENTRAL,GARVIN,13,99.95
OKLAHOMA,SOUTH CENTRAL,JEFFERSON,1,99.95
OKLAHOMA,SOUTH CENTRAL,JOHNSTON,3,99.95
OKLAHOMA,SOUTH CENTRAL,LOVE,1,99.95
OKLAHOMA,SOUTH CENTRAL,MARSHALL,16,99.95
OKLAHOMA,SOUTH CENTRAL,MURRAY,3,99.95
OKLAHOMA,SOUTH CENTRAL,PONTOTOC,8,99.95
OKLAHOMA,SOUTH CENTRAL,STEPHENS,5,99.95
OKLAHOMA,SOUTHEAST,CHOCTAW,1,99.95
OKLAHOMA,SOUTHEAST,LATIMER,6,99.95
OKLAHOMA,SOUTHEAST,LEFLORE,19,99.95
OKLAHOMA,SOUTHEAST,MCCURTAIN,2,99.95
OKLAHOMA,SOUTHEAST,PUSHMATAHA,2,99.95
OKLAHOMA,SOUTHWEST,CADDO,7,99.95
OKLAHOMA,SOUTHWEST,COMANCHE,3,99.95
OKLAHOMA,SOUTHWEST,COTTON,1,99.95
OKLAHOMA,SOUTHWEST,JACKSON,9,99.95
OKLAHOMA,SOUTHWEST,KIOWA,4,99.95
OKLAHOMA,SOUTHWEST,TILLMAN,2,99.95
OKLAHOMA,WEST CENTRAL,BECKHAM,5,99.95
OKLAHOMA,WEST CENTRAL,BLAINE,8,99.95
OKLAHOMA,WEST CENTRAL,CUSTER,5,99.95
OKLAHOMA,WEST CENTRAL,DEWEY,5,99.95
OREGON,NORTH CENTRAL,HOOD RIVER,9,52.4
OREGON,NORTH CENTRAL,MORROW,4,52.4
OREGON,NORTH CENTRAL,WASCO,6,52.4
OREGON,NORTHEAST,BAKER,2,52.4
OREGON,NORTHEAST,UMATILLA,19,52.4
OREGON,NORTHEAST,UNION,6,52.4
OREGON,NORTHEAST,WALLOWA,4,52.4
OREGON,NORTHWEST,BENTON,37,52.4
OREGON,NORTHWEST,CLACKAMAS,144,52.4
OREGON,NORTHWEST,CLATSOP,6,52.4
OREGON,NORTHWEST,COLUMBIA,40,52.4
OREGON,NORTHWEST,LANE,92,52.4
OREGON,NORTHWEST,LINCOLN,8,52.4
OREGON,NORTHWEST,LINN,50,52.4
OREGON,NORTHWEST,MARION,47,52.4
OREGON,NORTHWEST,MULTNOMAH,26,52.4
OREGON,NORTHWEST,POLK,15,52.4
OREGON,NORTHWEST,TILLAMOOK,2,52.4
OREGON,NORTHWEST,WASHINGTON,61,52.4
OREGON,NORTHWEST,YAMHILL,67,52.4
OREGON,SOUTHEAST,CROOK,9,52.4
OREGON,SOUTHEAST,DESCHUTES,35,52.4
OREGON,SOUTHEAST,GRANT,7,52.4
OREGON,SOUTHEAST,HARNEY,1,52.4
OREGON,SOUTHEAST,JEFFERSON,3,52.4
OREGON,SOUTHEAST,KLAMATH,25,52.4
OREGON,SOUTHEAST,LAKE,2,52.4
OREGON,SOUTHEAST,MALHEUR,4,52.4
OREGON,SOUTHWEST,COOS,9,52.4
OREGON,SOUTHWEST,CURRY,2,52.4
OREGON,SOUTHWEST,DOUGLAS,38,52.4
OREGON,SOUTHWEST,JACKSON,65,52.4
OREGON,SOUTHWEST,JOSEPHINE,16,52.4
PENNSYLVANIA,CENTRAL,BLAIR,15,63.7
PENNSYLVANIA,CENTRAL,CAMBRIA,11,63.7
PENNSYLVANIA,CENTRAL,CENTRE,11,63.7
PENNSYLVANIA,CENTRAL,CLEARFIELD,10,63.7
PENNSYLVANIA,CENTRAL,COLUMBIA,17,63.7
PENNSYLVANIA,CENTRAL,DAUPHIN,13,63.7
PENNSYLVANIA,CENTRAL,HUNTINGDON,4,63.7
PENNSYLVANIA,CENTRAL,JUNIATA,9,63.7
PENNSYLVANIA,CENTRAL,MIFFLIN,18,63.7
PENNSYLVANIA,CENTRAL,MONTOUR,3,63.7
PENNSYLVANIA,CENTRAL,NORTHUMBERLAND,10,63.7
PENNSYLVANIA,CENTRAL,PERRY,21,63.7
PENNSYLVANIA,CENTRAL,SNYDER,17,63.7
PENNSYLVANIA,CENTRAL,UNION,9,63.7
PENNSYLVANIA,EAST CENTRAL,CARBON,4,63.7
PENNSYLVANIA,EAST CENTRAL,LEHIGH,9,63.7
PENNSYLVANIA,EAST CENTRAL,LUZERNE,15,63.7
PENNSYLVANIA,EAST CENTRAL,MONROE,7,63.7
PENNSYLVANIA,EAST CENTRAL,NORTHAMPTON,15,63.7
PENNSYLVANIA,EAST CENTRAL,PIKE,2,63.7
PENNSYLVANIA,EAST CENTRAL,SCHUYLKILL,13,63.7
PENNSYLVANIA,NORTH CENTRAL,BRADFORD,19,63.7
PENNSYLVANIA,NORTH CENTRAL,CAMERON,4,63.7
PENNSYLVANIA,NORTH CENTRAL,CLINTON,3,63.7
PENNSYLVANIA,NORTH CENTRAL,ELK,6,63.7
PENNSYLVANIA,NORTH CENTRAL,LYCOMING,8,63.7
PENNSYLVANIA,NORTH CENTRAL,MCKEAN,1,63.7
PENNSYLVANIA,NORTH CENTRAL,POTTER,19,63.7
PENNSYLVANIA,NORTH CENTRAL,SULLIVAN,1,63.7
PENNSYLVANIA,NORTH CENTRAL,TIOGA,25,63.7
PENNSYLVANIA,NORTHEASTERN,LACKAWANNA,9,63.7
PENNSYLVANIA,NORTHEASTERN,SUSQUEHANNA,24,63.7
PENNSYLVANIA,NORTHEASTERN,WAYNE,38,63.7
PENNSYLVANIA,NORTHEASTERN,WYOMING,6,63.7
PENNSYLVANIA,NORTHWESTERN,CRAWFORD,24,63.7
PENNSYLVANIA,NORTHWESTERN,ERIE,24,63.7
PENNSYLVANIA,NORTHWESTERN,MERCER,27,63.7
PENNSYLVANIA,NORTHWESTERN,VENANGO,8,63.7
PENNSYLVANIA,NORTHWESTERN,WARREN,14,63.7
PENNSYLVANIA,SOUTH CENTRAL,ADAMS,23,63.7
PENNSYLVANIA,SOUTH CENTRAL,BEDFORD,14,63.7
PENNSYLVANIA,SOUTH CENTRAL,CUMBERLAND,24,63.7
PENNSYLVANIA,SOUTH CENTRAL,FRANKLIN,15,63.7
PENNSYLVANIA,SOUTH CENTRAL,YORK,51,63.7
PENNSYLVANIA,SOUTHEASTERN,BERKS,35,63.7
PENNSYLVANIA,SOUTHEASTERN,BUCKS,31,63.7
PENNSYLVANIA,SOUTHEASTERN,CHESTER,48,63.7
PENNSYLVANIA,SOUTHEASTERN,DELAWARE,10,63.7
PENNSYLVANIA,SOUTHEASTERN,LANCASTER,68,63.7
PENNSYLVANIA,SOUTHEASTERN,LEBANON,17,63.7
PENNSYLVANIA,SOUTHEASTERN,MONTGOMERY,27,63.7
PENNSYLVANIA,SOUTHEASTERN,PHILADELPHIA,15,63.7
PENNSYLVANIA,SOUTHWESTERN,ALLEGHENY,33,63.7
PENNSYLVANIA,SOUTHWESTERN,FAYETTE,10,63.7
PENNSYLVANIA,SOUTHWESTERN,GREENE,14,63.7
PENNSYLVANIA,SOUTHWESTERN,SOMERSET,21,63.7
PENNSYLVANIA,SOUTHWESTERN,WASHINGTON,20,63.7
PENNSYLVANIA,SOUTHWESTERN,WESTMORELAND,35,63.7
PENNSYLVANIA,WEST CENTRAL,ARMSTRONG,18,63.7
PENNSYLVANIA,WEST CENTRAL,BEAVER,20,63.7
PENNSYLVANIA,WEST CENTRAL,BUTLER,26,63.7
PENNSYLVANIA,WEST CENTRAL,CLARION,5,63.7
PENNSYLVANIA,WEST CENTRAL,INDIANA,14,63.7
PENNSYLVANIA,WEST CENTRAL,JEFFERSON,12,63.7
PENNSYLVANIA,WEST CENTRAL,LAWRENCE,12,63.7
RHODE ISLAND,ALL COUNTIES,BRISTOL,2,61.5
RHODE ISLAND,ALL COUNTIES,KENT,9,61.5
RHODE ISLAND,ALL COUNTIES,NEWPORT,12,61.5
RHODE ISLAND,ALL COUNTIES,PROVIDENCE,32,61.5
RHODE ISLAND,ALL COUNTIES,WASHINGTON,17,61.5
SOUTH CAROLINA,CENTRAL,CALHOUN,9,62.4
SOUTH CAROLINA,CENTRAL,CLARENDON,7,62.4
SOUTH CAROLINA,CENTRAL,LEE,6,62.4
SOUTH CAROLINA,CENTRAL,LEXINGTON,22,62.4
SOUTH CAROLINA,CENTRAL,ORANGEBURG,12,62.4
SOUTH CAROLINA,CENTRAL,RICHLAND,19,62.4
SOUTH CAROLINA,CENTRAL,SUMTER,10,62.4
SOUTH CAROLINA,EASTERN,CHESTERFIELD,15,62.4
SOUTH CAROLINA,EASTERN,DARLINGTON,4,62.4
SOUTH CAROLINA,EASTERN,DILLON,1,62.4
SOUTH CAROLINA,EASTERN,FLORENCE,2,62.4
SOUTH CAROLINA,EASTERN,GEORGETOWN,7,62.4
SOUTH CAROLINA,EASTERN,HORRY,15,62.4
SOUTH CAROLINA,EASTERN,MARION,4,62.4
SOUTH CAROLINA,EASTERN,WILLIAMSBURG,7,62.4
SOUTH CAROLINA,NORTH CENTRAL,CHESTER,14,62.4
SOUTH CAROLINA,NORTH CENTRAL,FAIRFIELD,9,62.4
SOUTH CAROLINA,NORTH CENTRAL,KERSHAW,11,62.4
SOUTH CAROLINA,NORTH CENTRAL,LANCASTER,12,62.4
SOUTH CAROLINA,NORTH CENTRAL,YORK,20,62.4
SOUTH CAROLINA,NORTHWEST,ANDERSON,61,62.4
SOUTH CAROLINA,NORTHWEST,CHEROKEE,11,62.4
SOUTH CAROLINA,NORTHWEST,GREENVILLE,40,62.4
SOUTH CAROLINA,NORTHWEST,LAURENS,18,62.4
SOUTH CAROLINA,NORTHWEST,OCONEE,45,62.4
SOUTH CAROLINA,NORTHWEST,PICKENS,21,62.4
SOUTH CAROLINA,NORTHWEST,SPARTANBURG,46,62.4
SOUTH CAROLINA,NORTHWEST,UNION,9,62.4
SOUTH CAROLINA,SOUTHERN,ALLENDALE,3,62.4
SOUTH CAROLINA,SOUTHERN,BAMBERG,1,62.4
SOUTH CAROLINA,SOUTHERN,BARNWELL,6,62.4
SOUTH CAROLINA,SOUTHERN,BEAUFORT,9,62.4
SOUTH CAROLINA,SOUTHERN,BERKELEY,7,62.4
SOUTH CAROLINA,SOUTHERN,CHARLESTON,23,62.4
SOUTH CAROLINA,SOUTHERN,COLLETON,6,62.4
SOUTH CAROLINA,SOUTHERN,DORCHESTER,2,62.4
SOUTH CAROLINA,SOUTHERN,HAMPTON,2,62.4
SOUTH CAROLINA,SOUTHERN,JASPER,5,62.4
SOUTH CAROLINA,WEST CENTRAL,ABBEVILLE,15,62.4
SOUTH CAROLINA,WEST CENTRAL,AIKEN,33,62.4
SOUTH CAROLINA,WEST CENTRAL,EDGEFIELD,4,62.4
SOUTH CAROLINA,WEST CENTRAL,GREENWOOD,16,62.4
SOUTH CAROLINA,WEST CENTRAL,MCCORMICK,6,62.4
SOUTH CAROLINA,WEST CENTRAL,NEWBERRY,16,62.4
SOUTH CAROLINA,WEST CENTRAL,SALUDA,8,62.4
SOUTH DAKOTA,CENTRAL,AURORA,1,99.95
SOUTH DAKOTA,CENTRAL,BEADLE,5,99.95
SOUTH DAKOTA,CENTRAL,BRULE,4,99.95
SOUTH DAKOTA,CENTRAL,HUGHES,4,99.95
SOUTH DAKOTA,CENTRAL,JERAULD,1,99.95
SOUTH DAKOTA,CENTRAL,SULLY,1,99.95
SOUTH DAKOTA,EAST CENTRAL,BROOKINGS,6,99.95
SOUTH DAKOTA,EAST CENTRAL,DAVISON,1,99.95
SOUTH DAKOTA,EAST CENTRAL,HANSON,5,99.95
SOUTH DAKOTA,EAST CENTRAL,KINGSBURY,7,99.95
SOUTH DAKOTA,EAST CENTRAL,LAKE,1,99.95
SOUTH DAKOTA,EAST CENTRAL,MCCOOK,2,99.95
SOUTH DAKOTA,EAST CENTRAL,MINNEHAHA,10,99.95
SOUTH DAKOTA,EAST CENTRAL,MOODY,3,99.95
SOUTH DAKOTA,EAST CENTRAL,SANBORN,3,99.95
SOUTH DAKOTA,NORTH CENTRAL,BROWN,4,99.95
SOUTH DAKOTA,NORTH CENTRAL,EDMUNDS,2,99.95
SOUTH DAKOTA,NORTH CENTRAL,FAULK,2,99.95
SOUTH DAKOTA,NORTH CENTRAL,SPINK,3,99.95
SOUTH DAKOTA,NORTH CENTRAL,WALWORTH,3,99.95
SOUTH DAKOTA,NORTHEAST,CLARK,2,99.95
SOUTH DAKOTA,NORTHEAST,CODINGTON,2,99.95
SOUTH DAKOTA,NORTHEAST,DAY,2,99.95
SOUTH DAKOTA,NORTHEAST,DEUEL,4,99.95
SOUTH DAKOTA,NORTHEAST,GRANT,3,99.95
SOUTH DAKOTA,NORTHEAST,HAMLIN,4,99.95
SOUTH DAKOTA,NORTHEAST,MARSHALL,1,99.95
SOUTH DAKOTA,NORTHEAST,ROBERTS,4,99.95
SOUTH DAKOTA,NORTHWEST,BUTTE,6,99.95
SOUTH DAKOTA,NORTHWEST,HARDING,1,99.95
SOUTH DAKOTA,SOUTH CENTRAL,GREGORY,3,99.95
SOUTH DAKOTA,SOUTH CENTRAL,LYMAN,3,99.95
SOUTH DAKOTA,SOUTH CENTRAL,MELLETTE,1,99.95
SOUTH DAKOTA,SOUTH CENTRAL,TRIPP,2,99.95
SOUTH DAKOTA,SOUTHEAST,BON HOMME,1,99.95
SOUTH DAKOTA,SOUTHEAST,CHARLES MIX,2,99.95
SOUTH DAKOTA,SOUTHEAST,CLAY,3,99.95
SOUTH DAKOTA,SOUTHEAST,HUTCHINSON,3,99.95
SOUTH DAKOTA,SOUTHEAST,LINCOLN,13,99.95
SOUTH DAKOTA,SOUTHEAST,TURNER,7,99.95
SOUTH DAKOTA,SOUTHEAST,UNION,1,99.95
SOUTH DAKOTA,SOUTHEAST,YANKTON,11,99.95
SOUTH DAKOTA,SOUTHWEST,CUSTER,2,99.95
SOUTH DAKOTA,SOUTHWEST,FALL RIVER,1,99.95
SOUTH DAKOTA,WEST CENTRAL,HAAKON,3,99.95
SOUTH DAKOTA,WEST CENTRAL,JACKSON,1,99.95
SOUTH DAKOTA,WEST CENTRAL,LAWRENCE,7,99.95
SOUTH DAKOTA,WEST CENTRAL,MEADE,14,99.95
SOUTH DAKOTA,WEST CENTRAL,PENNINGTON,13,99.95
SOUTH DAKOTA,WEST CENTRAL,STANLEY,3,99.95
TENNESSEE,CENTRAL BASIN,BEDFORD,28,84.9
TENNESSEE,CENTRAL BASIN,CANNON,18,84.9
TENNESSEE,CENTRAL BASIN,DAVIDSON,20,84.9
TENNESSEE,CENTRAL BASIN,DE KALB,9,84.9
TENNESSEE,CENTRAL BASIN,GILES,27,84.9
TENNESSEE,CENTRAL BASIN,JACKSON,12,84.9
TENNESSEE,CENTRAL BASIN,LINCOLN,25,84.9
TENNESSEE,CENTRAL BASIN,MACON,10,84.9
TENNESSEE,CENTRAL BASIN,MARSHALL,19,84.9
TENNESSEE,CENTRAL BASIN,MAURY,41,84.9
TENNESSEE,CENTRAL BASIN,MOORE,7,84.9
TENNESSEE,CENTRAL BASIN,RUTHERFORD,43,84.9
TENNESSEE,CENTRAL BASIN,SMITH,19,84.9
TENNESSEE,CENTRAL BASIN,SUMNER,21,84.9
TENNESSEE,CENTRAL BASIN,TROUSDALE,2,84.9
TENNESSEE,CENTRAL BASIN,WILLIAMSON,30,84.9
TENNESSEE,CENTRAL BASIN,WILSON,41,84.9
TENNESSEE,CUMBERLAND PLATEAU,BLEDSOE,3,84.9
TENNESSEE,CUMBERLAND PLATEAU,COFFEE,30,84.9
TENNESSEE,CUMBERLAND PLATEAU,CUMBERLAND,13,84.9
TENNESSEE,CUMBERLAND PLATEAU,FENTRESS,10,84.9
TENNESSEE,CUMBERLAND PLATEAU,FRANKLIN,13,84.9
TENNESSEE,CUMBERLAND PLATEAU,GRUNDY,7,84.9
TENNESSEE,CUMBERLAND PLATEAU,MARION,10,84.9
TENNESSEE,CUMBERLAND PLATEAU,MORGAN,12,84.9
TENNESSEE,CUMBERLAND PLATEAU,OVERTON,13,84.9
TENNESSEE,CUMBERLAND PLATEAU,PICKETT,3,84.9
TENNESSEE,CUMBERLAND PLATEAU,PUTNAM,21,84.9
TENNESSEE,CUMBERLAND PLATEAU,SCOTT,13,84.9
TENNESSEE,CUMBERLAND PLATEAU,SEQUATCHIE,8,84.9
TENNESSEE,CUMBERLAND PLATEAU,VAN BUREN,10,84.9
TENNESSEE,CUMBERLAND PLATEAU,WARREN,15,84.9
TENNESSEE,CUMBERLAND PLATEAU,WHITE,10,84.9
TENNESSEE,DELTA,DYER,4,84.9
TENNESSEE,DELTA,LAKE,1,84.9
TENNESSEE,DELTA,OBION,15,84.9
TENNESSEE,DELTA,SHELBY,21,84.9
TENNESSEE,DELTA,TIPTON,13,84.9
TENNESSEE,EAST TENNESSEE,ANDERSON,21,84.9
TENNESSEE,EAST TENNESSEE,BLOUNT,31,84.9
TENNESSEE,EAST TENNESSEE,BRADLEY,13,84.9
TENNESSEE,EAST TENNESSEE,CAMPBELL,4,84.9
TENNESSEE,EAST TENNESSEE,CARTER,12,84.9
TENNESSEE,EAST TENNESSEE,CLAIBORNE,22,84.9
TENNESSEE,EAST TENNESSEE,COCKE,12,84.9
TENNESSEE,EAST TENNESSEE,GRAINGER,14,84.9
TENNESSEE,EAST TENNESSEE,GREENE,33,84.9
TENNESSEE,EAST TENNESSEE,HAMBLEN,9,84.9
TENNESSEE,EAST TENNESSEE,HAMILTON,29,84.9
TENNESSEE,EAST TENNESSEE,HANCOCK,7,84.9
TENNESSEE,EAST TENNESSEE,HAWKINS,29,84.9
TENNESSEE,EAST TENNESSEE,JEFFERSON,19,84.9
TENNESSEE,EAST TENNESSEE,JOHNSON,31,84.9
TENNESSEE,EAST TENNESSEE,KNOX,25,84.9
TENNESSEE,EAST TENNESSEE,LOUDON,12,84.9
TENNESSEE,EAST TENNESSEE,MCMINN,26,84.9
TENNESSEE,EAST TENNESSEE,MEIGS,4,84.9
TENNESSEE,EAST TENNESSEE,MONROE,33,84.9
TENNESSEE,EAST TENNESSEE,POLK,12,84.9
TENNESSEE,EAST TENNESSEE,RHEA,8,84.9
TENNESSEE,EAST TENNESSEE,ROANE,29,84.9
TENNESSEE,EAST TENNESSEE,SEVIER,22,84.9
TENNESSEE,EAST TENNESSEE,SULLIVAN,20,84.9
TENNESSEE,EAST TENNESSEE,UNICOI,9,84.9
TENNESSEE,EAST TENNESSEE,UNION,6,84.9
TENNESSEE,EAST TENNESSEE,WASHINGTON,32,84.9
TENNESSEE,WEST TENNESSEE,BENTON,4,84.9
TENNESSEE,WEST TENNESSEE,CARROLL,7,84.9
TENNESSEE,WEST TENNESSEE,CHESTER,3,84.9
TENNESSEE,WEST TENNESSEE,CROCKETT,4,84.9
TENNESSEE,WEST TENNESSEE,DECATUR,13,84.9
TENNESSEE,WEST TENNESSEE,FAYETTE,13,84.9
TENNESSEE,WEST TENNESSEE,GIBSON,3,84.9
TENNESSEE,WEST TENNESSEE,HARDEMAN,5,84.9
TENNESSEE,WEST TENNESSEE,HARDIN,8,84.9
TENNESSEE,WEST TENNESSEE,HAYWOOD,3,84.9
TENNESSEE,WEST TENNESSEE,HENDERSON,8,84.9
TENNESSEE,WEST TENNESSEE,HENRY,16,84.9
TENNESSEE,WEST TENNESSEE,MADISON,5,84.9
TENNESSEE,WEST TENNESSEE,MCNAIRY,8,84.9
TENNESSEE,WEST TENNESSEE,WEAKLEY,16,84.9
TENNESSEE,WESTERN RIM,CHEATHAM,28,84.9
TENNESSEE,WESTERN RIM,DICKSON,23,84.9
TENNESSEE,WESTERN RIM,HICKMAN,8,84.9
TENNESSEE,WESTERN RIM,HOUSTON,3,84.9
TENNESSEE,WESTERN RIM,HUMPHREYS,11,84.9
TENNESSEE,WESTERN RIM,LAWRENCE,23,84.9
TENNESSEE,WESTERN RIM,LEWIS,11,84.9
TENNESSEE,WESTERN RIM,MONTGOMERY,10,84.9
TENNESSEE,WESTERN RIM,PERRY,4,84.9
TENNESSEE,WESTERN RIM,ROBERTSON,22,84.9
TENNESSEE,WESTERN RIM,STEWART,4,84.9
TENNESSEE,WESTERN RIM,WAYNE,4,84.9
TEXAS,BLACKLANDS,BELL,31,84.8
TEXAS,BLACKLANDS,BOSQUE,16,84.8
TEXAS,BLACKLANDS,COLLIN,108,84.8
TEXAS,BLACKLANDS,COOKE,30,84.8
TEXAS,BLACKLANDS,CORYELL,15,84.8
TEXAS,BLACKLANDS,DALLAS,12,84.8
TEXAS,BLACKLANDS,DELTA,13,84.8
TEXAS,BLACKLANDS,DENTON,73,84.8
TEXAS,BLACKLANDS,ELLIS,41,84.8
TEXAS,BLACKLANDS,FALLS,5,84.8
TEXAS,BLACKLANDS,FANNIN,42,84.8
TEXAS,BLACKLANDS,GRAYSON,76,84.8
TEXAS,BLACKLANDS,HAMILTON,8,84.8
TEXAS,BLACKLANDS,HILL,17,84.8
TEXAS,BLACKLANDS,HUNT,88,84.8
TEXAS,BLACKLANDS,JOHNSON,38,84.8
TEXAS,BLACKLANDS,KAUFMAN,37,84.8
TEXAS,BLACKLANDS,LAMAR,19,84.8
TEXAS,BLACKLANDS,LIMESTONE,14,84.8
TEXAS,BLACKLANDS,MCLENNAN,37,84.8
TEXAS,BLACKLANDS,MILAM,21,84.8
TEXAS,BLACKLANDS,NAVARRO,19,84.8
TEXAS,BLACKLANDS,ROCKWALL,20,84.8
TEXAS,BLACKLANDS,TARRANT,11,84.8
TEXAS,BLACKLANDS,WILLIAMSON,47,84.8
TEXAS,COASTAL BEND,NUECES,5,84.8
TEXAS,COASTAL BEND,REFUGIO,1,84.8
TEXAS,COASTAL BEND,SAN PATRICIO,14,84.8
TEXAS,CROSS TIMBERS,ARCHER,4,84.8
TEXAS,CROSS TIMBERS,BROWN,12,84.8
TEXAS,CROSS TIMBERS,CALLAHAN,9,84.8
TEXAS,CROSS TIMBERS,CLAY,7,84.8
TEXAS,CROSS TIMBERS,COMANCHE,10,84.8
TEXAS,CROSS TIMBERS,EASTLAND,11,84.8
TEXAS,CROSS TIMBERS,ERATH,25,84.8
TEXAS,CROSS TIMBERS,HOOD,9,84.8
TEXAS,CROSS TIMBERS,JACK,2,84.8
TEXAS,CROSS TIMBERS,MILLS,4,84.8
TEXAS,CROSS TIMBERS,MONTAGUE,5,84.8
TEXAS,CROSS TIMBERS,PALO PINTO,8,84.8
TEXAS,CROSS TIMBERS,PARKER,42,84.8
TEXAS,CROSS TIMBERS,SHACKELFORD,1,84.8
TEXAS,CROSS TIMBERS,SOMERVELL,5,84.8
TEXAS,CROSS TIMBERS,STEPHENS,6,84.8
TEXAS,CROSS TIMBERS,THROCKMORTON,3,84.8
TEXAS,CROSS TIMBERS,WISE,20,84.8
TEXAS,CROSS TIMBERS,YOUNG,3,84.8
TEXAS,EAST TEXAS NORTH,ANDERSON,25,84.8
TEXAS,EAST TEXAS NORTH,BOWIE,16,84.8
TEXAS,EAST TEXAS NORTH,CAMP,8,84.8
TEXAS,EAST TEXAS NORTH,CASS,16,84.8
TEXAS,EAST TEXAS NORTH,CHEROKEE,21,84.8
TEXAS,EAST TEXAS NORTH,FRANKLIN,3,84.8
TEXAS,EAST TEXAS NORTH,GREGG,15,84.8
TEXAS,EAST TEXAS NORTH,HARRISON,32,84.8
TEXAS,EAST TEXAS NORTH,HENDERSON,27,84.8
TEXAS,EAST TEXAS NORTH,HOPKINS,15,84.8
TEXAS,EAST TEXAS NORTH,HOUSTON,8,84.8
TEXAS,EAST TEXAS NORTH,MARION,2,84.8
TEXAS,EAST TEXAS NORTH,MORRIS,6,84.8
TEXAS,EAST TEXAS NORTH,NACOGDOCHES,15,84.8
TEXAS,EAST TEXAS NORTH,PANOLA,15,84.8
TEXAS,EAST TEXAS NORTH,RAINS,9,84.8
TEXAS,EAST TEXAS NORTH,RED RIVER,14,84.8
TEXAS,EAST TEXAS NORTH,RUSK,6,84.8
TEXAS,EAST TEXAS NORTH,SHELBY,7,84.8
TEXAS,EAST TEXAS NORTH,SMITH,61,84.8
TEXAS,EAST TEXAS NORTH,TITUS,5,84.8
TEXAS,EAST TEXAS NORTH,UPSHUR,9,84.8
TEXAS,EAST TEXAS NORTH,VAN ZANDT,40,84.8
TEXAS,EAST TEXAS NORTH,WOOD,13,84.8
TEXAS,EAST TEXAS SOUTH,ANGELINA,15,84.8
TEXAS,EAST TEXAS SOUTH,BRAZOS,28,84.8
TEXAS,EAST TEXAS SOUTH,FREESTONE,14,84.8
TEXAS,EAST TEXAS SOUTH,GRIMES,25,84.8
TEXAS,EAST TEXAS SOUTH,HARDIN,13,84.8
TEXAS,EAST TEXAS SOUTH,JASPER,6,84.8
TEXAS,EAST TEXAS SOUTH,LEON,7,84.8
TEXAS,EAST TEXAS SOUTH,MADISON,1,84.8
TEXAS,EAST TEXAS SOUTH,MONTGOMERY,34,84.8
TEXAS,EAST TEXAS SOUTH,NEWTON,5,84.8
TEXAS,EAST TEXAS SOUTH,POLK,11,84.8
TEXAS,EAST TEXAS SOUTH,ROBERTSON,26,84.8
TEXAS,EAST TEXAS SOUTH,SABINE,7,84.8
TEXAS,EAST TEXAS SOUTH,SAN AUGUSTINE,2,84.8
TEXAS,EAST TEXAS SOUTH,SAN JACINTO,25,84.8
TEXAS,EAST TEXAS SOUTH,TRINITY,6,84.8
TEXAS,EAST TEXAS SOUTH,TYLER,34,84.8
TEXAS,EAST TEXAS SOUTH,WALKER,35,84.8
TEXAS,EAST TEXAS SOUTH,WALLER,54,84.8
TEXAS,EDWARDS PLATEAU,BANDERA,20,84.8
TEXAS,EDWARDS PLATEAU,BLANCO,26,84.8
TEXAS,EDWARDS PLATEAU,BURNET,26,84.8
TEXAS,EDWARDS PLATEAU,COKE,2,84.8
TEXAS,EDWARDS PLATEAU,CROCKETT,1,84.8
TEXAS,EDWARDS PLATEAU,EDWARDS,1,84.8
TEXAS,EDWARDS PLATEAU,GILLESPIE,11,84.8
TEXAS,EDWARDS PLATEAU,KENDALL,11,84.8
TEXAS,EDWARDS PLATEAU,KERR,8,84.8
TEXAS,EDWARDS PLATEAU,KIMBLE,3,84.8
TEXAS,EDWARDS PLATEAU,LAMPASAS,15,84.8
TEXAS,EDWARDS PLATEAU,LLANO,2,84.8
TEXAS,EDWARDS PLATEAU,MCCULLOCH,2,84.8
TEXAS,EDWARDS PLATEAU,SAN SABA,13,84.8
TEXAS,EDWARDS PLATEAU,TOM GREEN,8,84.8
TEXAS,EDWARDS PLATEAU,UVALDE,3,84.8
TEXAS,EDWARDS PLATEAU,VAL VERDE,7,84.8
TEXAS,LOWER VALLEY,CAMERON,4,84.8
TEXAS,LOWER VALLEY,HIDALGO,8,84.8
TEXAS,LOWER VALLEY,WILLACY,3,84.8
TEXAS,NORTHERN HIGH PLAINS,CARSON,4,84.8
TEXAS,NORTHERN HIGH PLAINS,FLOYD,1,84.8
TEXAS,NORTHERN HIGH PLAINS,HALE,1,84.8
TEXAS,NORTHERN HIGH PLAINS,HUTCHINSON,3,84.8
TEXAS,NORTHERN HIGH PLAINS,POTTER,3,84.8
TEXAS,NORTHERN HIGH PLAINS,RANDALL,6,84.8
TEXAS,NORTHERN HIGH PLAINS,SWISHER,1,84.8
TEXAS,NORTHERN LOW PLAINS,DICKENS,1,84.8
TEXAS,NORTHERN LOW PLAINS,KENT,1,84.8
TEXAS,NORTHERN LOW PLAINS,WHEELER,4,84.8
TEXAS,NORTHERN LOW PLAINS,WICHITA,6,84.8
TEXAS,NORTHERN LOW PLAINS,WILBARGER,6,84.8
TEXAS,SOUTH CENTRAL,AUSTIN,45,84.8
TEXAS,SOUTH CENTRAL,BASTROP,37,84.8
TEXAS,SOUTH CENTRAL,BEE,8,84.8
TEXAS,SOUTH CENTRAL,BEXAR,10,84.8
TEXAS,SOUTH CENTRAL,BURLESON,19,84.8
TEXAS,SOUTH CENTRAL,CALDWELL,21,84.8
TEXAS,SOUTH CENTRAL,COLORADO,6,84.8
TEXAS,SOUTH CENTRAL,COMAL,18,84.8
TEXAS,SOUTH CENTRAL,DE WITT,8,84.8
TEXAS,SOUTH CENTRAL,FAYETTE,39,84.8
TEXAS,SOUTH CENTRAL,GOLIAD,14,84.8
TEXAS,SOUTH CENTRAL,GONZALES,7,84.8
TEXAS,SOUTH CENTRAL,GUADALUPE,28,84.8
TEXAS,SOUTH CENTRAL,HAYS,10,84.8
TEXAS,SOUTH CENTRAL,KARNES,9,84.8
TEXAS,SOUTH CENTRAL,LAVACA,17,84.8
TEXAS,SOUTH CENTRAL,LEE,7,84.8
TEXAS,SOUTH CENTRAL,MEDINA,19,84.8
TEXAS,SOUTH CENTRAL,TRAVIS,29,84.8
TEXAS,SOUTH CENTRAL,WASHINGTON,22,84.8
TEXAS,SOUTH CENTRAL,WILSON,13,84.8
TEXAS,SOUTH TEXAS,ATASCOSA,12,84.8
TEXAS,SOUTH TEXAS,DIMMIT,3,84.8
TEXAS,SOUTH TEXAS,FRIO,10,84.8
TEXAS,SOUTH TEXAS,JIM WELLS,2,84.8
TEXAS,SOUTH TEXAS,LA SALLE,2,84.8
TEXAS,SOUTH TEXAS,LIVE OAK,10,84.8
TEXAS,SOUTH TEXAS,WEBB,3,84.8
TEXAS,SOUTH TEXAS,ZAVALA,3,84.8
TEXAS,SOUTHERN HIGH PLAINS,BAILEY,2,84.8
TEXAS,SOUTHERN HIGH PLAINS,COCHRAN,1,84.8
TEXAS,SOUTHERN HIGH PLAINS,GAINES,8,84.8
TEXAS,SOUTHERN HIGH PLAINS,LUBBOCK,1,84.8
TEXAS,SOUTHERN HIGH PLAINS,LYNN,5,84.8
TEXAS,SOUTHERN HIGH PLAINS,MARTIN,1,84.8
TEXAS,SOUTHERN HIGH PLAINS,MIDLAND,8,84.8
TEXAS,SOUTHERN LOW PLAINS,COLEMAN,4,84.8
TEXAS,SOUTHERN LOW PLAINS,JONES,6,84.8
TEXAS,SOUTHERN LOW PLAINS,NOLAN,1,84.8
TEXAS,SOUTHERN LOW PLAINS,RUNNELS,4,84.8
TEXAS,SOUTHERN LOW PLAINS,SCURRY,2,84.8
TEXAS,SOUTHERN LOW PLAINS,STONEWALL,4,84.8
TEXAS,SOUTHERN LOW PLAINS,TAYLOR,5,84.8
TEXAS,TRANS-PECOS,BREWSTER,3,84.8
TEXAS,TRANS-PECOS,EL PASO,9,84.8
TEXAS,TRANS-PECOS,WARD,1,84.8
TEXAS,UPPER COAST,BRAZORIA,30,84.8
TEXAS,UPPER COAST,CHAMBERS,2,84.8
TEXAS,UPPER COAST,FORT BEND,12,84.8
TEXAS,UPPER COAST,GALVESTON,7,84.8
TEXAS,UPPER COAST,HARRIS,39,84.8
TEXAS,UPPER COAST,JEFFERSON,15,84.8
TEXAS,UPPER COAST,LIBERTY,12,84.8
TEXAS,UPPER COAST,MATAGORDA,5,84.8
TEXAS,UPPER COAST,ORANGE,14,84.8
TEXAS,UPPER COAST,VICTORIA,22,84.8
TEXAS,UPPER COAST,WHARTON,15,84.8
UTAH,CENTRAL,JUAB,3,99.95
UTAH,CENTRAL,MILLARD,11,99.95
UTAH,CENTRAL,SANPETE,13,99.95
UTAH,CENTRAL,SEVIER,8,99.95
UTAH,CENTRAL,UTAH,69,99.95
UTAH,EASTERN,CARBON,25,99.95
UTAH,EASTERN,DUCHESNE,19,99.95
UTAH,EASTERN,EMERY,7,99.95
UTAH,EASTERN,GRAND,9,99.95
UTAH,EASTERN,SAN JUAN,5,99.95
UTAH,EASTERN,SUMMIT,12,99.95
UTAH,EASTERN,UINTAH,15,99.95
UTAH,EASTERN,WASATCH,12,99.95
UTAH,NORTHERN,BOX ELDER,30,99.95
UTAH,NORTHERN,CACHE,35,99.95
UTAH,NORTHERN,DAVIS,35,99.95
UTAH,NORTHERN,MORGAN,3,99.95
UTAH,NORTHERN,RICH,2,99.95
UTAH,NORTHERN,SALT LAKE,23,99.95
UTAH,NORTHERN,TOOELE,9,99.95
UTAH,NORTHERN,WEBER,28,99.95
UTAH,SOUTHERN,BEAVER,1,99.95
UTAH,SOUTHERN,GARFIELD,6,99.95
UTAH,SOUTHERN,IRON,2,99.95
UTAH,SOUTHERN,KANE,1,99.95
UTAH,SOUTHERN,WASHINGTON,10,99.95
UTAH,SOUTHERN,WAYNE,8,99.95
VERMONT,ALL COUNTIES,ADDISON,35,58.7
VERMONT,ALL COUNTIES,BENNINGTON,12,58.7
VERMONT,ALL COUNTIES,CALEDONIA,20,58.7
VERMONT,ALL COUNTIES,CHITTENDEN,41,58.7
VERMONT,ALL COUNTIES,FRANKLIN,17,58.7
VERMONT,ALL COUNTIES,GRAND ISLE,7,58.7
VERMONT,ALL COUNTIES,LAMOILLE,13,58.7
VERMONT,ALL COUNTIES,ORANGE,24,58.7
VERMONT,ALL COUNTIES,ORLEANS,15,58.7
VERMONT,ALL COUNTIES,RUTLAND,26,58.7
VERMONT,ALL COUNTIES,WASHINGTON,17,58.7
VERMONT,ALL COUNTIES,WINDHAM,28,58.7
VERMONT,ALL COUNTIES,WINDSOR,26,58.7
VIRGINIA,CENTRAL,ALBEMARLE,45,62.0
VIRGINIA,CENTRAL,AMELIA,1,62.0
VIRGINIA,CENTRAL,AMHERST,8,62.0
VIRGINIA,CENTRAL,APPOMATTOX,8,62.0
VIRGINIA,CENTRAL,BEDFORD,33,62.0
VIRGINIA,CENTRAL,BUCKINGHAM,16,62.0
VIRGINIA,CENTRAL,CAMPBELL,13,62.0
VIRGINIA,CENTRAL,CAROLINE,12,62.0
VIRGINIA,CENTRAL,CHESTERFIELD,23,62.0
VIRGINIA,CENTRAL,CUMBERLAND,3,62.0
VIRGINIA,CENTRAL,FLUVANNA,9,62.0
VIRGINIA,CENTRAL,GOOCHLAND,15,62.0
VIRGINIA,CENTRAL,GREENE,19,62.0
VIRGINIA,CENTRAL,HANOVER,12,62.0
VIRGINIA,CENTRAL,HENRICO,3,62.0
VIRGINIA,CENTRAL,LOUISA,22,62.0
VIRGINIA,CENTRAL,NELSON,8,62.0
VIRGINIA,CENTRAL,ORANGE,12,62.0
VIRGINIA,CENTRAL,POWHATAN,14,62.0
VIRGINIA,CENTRAL,PRINCE EDWARD,15,62.0
VIRGINIA,CENTRAL,SPOTSYLVANIA,18,62.0
VIRGINIA,EASTERN,ACCOMACK,5,62.0
VIRGINIA,EASTERN,CHARLES CITY,4,62.0
VIRGINIA,EASTERN,ESSEX,5,62.0
VIRGINIA,EASTERN,GLOUCESTER,22,62.0
VIRGINIA,EASTERN,JAMES CITY,1,62.0
VIRGINIA,EASTERN,KING AND QUEEN,1,62.0
VIRGINIA,EASTERN,KING GEORGE,1,62.0
VIRGINIA,EASTERN,KING WILLIAM,11,62.0
VIRGINIA,EASTERN,LANCASTER,2,62.0
VIRGINIA,EASTERN,MIDDLESEX,1,62.0
VIRGINIA,EASTERN,NEW KENT,9,62.0
VIRGINIA,EASTERN,NORTHAMPTON,8,62.0
VIRGINIA,EASTERN,WESTMORELAND,3,62.0
VIRGINIA,EASTERN,YORK,2,62.0
VIRGINIA,NORTHERN,ARLINGTON,5,62.0
VIRGINIA,NORTHERN,CLARKE,8,62.0
VIRGINIA,NORTHERN,CULPEPER,28,62.0
VIRGINIA,NORTHERN,FAIRFAX,15,62.0
VIRGINIA,NORTHERN,FAUQUIER,56,62.0
VIRGINIA,NORTHERN,FREDERICK,18,62.0
VIRGINIA,NORTHERN,LOUDOUN,72,62.0
VIRGINIA,NORTHERN,MADISON,11,62.0
VIRGINIA,NORTHERN,PAGE,5,62.0
VIRGINIA,NORTHERN,PRINCE WILLIAM,20,62.0
VIRGINIA,NORTHERN,RAPPAHANNOCK,14,62.0
VIRGINIA,NORTHERN,ROCKINGHAM,26,62.0
VIRGINIA,NORTHERN,SHENANDOAH,6,62.0
VIRGINIA,NORTHERN,STAFFORD,17,62.0
VIRGINIA,NORTHERN,WARREN,6,62.0
VIRGINIA,SOUTHEASTERN,BRUNSWICK,3,62.0
VIRGINIA,SOUTHEASTERN,CHESAPEAKE CITY,13,62.0
VIRGINIA,SOUTHEASTERN,DINWIDDIE,5,62.0
VIRGINIA,SOUTHEASTERN,ISLE OF WIGHT,11,62.0
VIRGINIA,SOUTHEASTERN,MECKLENBURG,7,62.0
VIRGINIA,SOUTHEASTERN,PRINCE GEORGE,10,62.0
VIRGINIA,SOUTHEASTERN,SOUTHAMPTON,8,62.0
VIRGINIA,SOUTHEASTERN,SUFFOLK CITY,4,62.0
VIRGINIA,SOUTHEASTERN,SURRY,3,62.0
VIRGINIA,SOUTHEASTERN,SUSSEX,6,62.0
VIRGINIA,SOUTHEASTERN,VIRGINIA BEACH CITY,11,62.0
VIRGINIA,SOUTHERN,CHARLOTTE,16,62.0
VIRGINIA,SOUTHERN,FRANKLIN,33,62.0
VIRGINIA,SOUTHERN,HALIFAX,29,62.0
VIRGINIA,SOUTHERN,HENRY,3,62.0
VIRGINIA,SOUTHERN,LUNENBURG,2,62.0
VIRGINIA,SOUTHERN,NOTTOWAY,1,62.0
VIRGINIA,SOUTHERN,PATRICK,17,62.0
VIRGINIA,SOUTHERN,PITTSYLVANIA,28,62.0
VIRGINIA,SOUTHWESTERN,BLAND,11,62.0
VIRGINIA,SOUTHWESTERN,BUCHANAN,12,62.0
VIRGINIA,SOUTHWESTERN,CARROLL,18,62.0
VIRGINIA,SOUTHWESTERN,DICKENSON,2,62.0
VIRGINIA,SOUTHWESTERN,FLOYD,15,62.0
VIRGINIA,SOUTHWESTERN,GILES,15,62.0
VIRGINIA,SOUTHWESTERN,GRAYSON,18,62.0
VIRGINIA,SOUTHWESTERN,LEE,11,62.0
VIRGINIA,SOUTHWESTERN,MONTGOMERY,21,62.0
VIRGINIA,SOUTHWESTERN,PULASKI,7,62.0
VIRGINIA,SOUTHWESTERN,RUSSELL,15,62.0
VIRGINIA,SOUTHWESTERN,SCOTT,20,62.0
VIRGINIA,SOUTHWESTERN,SMYTH,16,62.0
VIRGINIA,SOUTHWESTERN,TAZEWELL,21,62.0
VIRGINIA,SOUTHWESTERN,WASHINGTON,22,62.0
VIRGINIA,SOUTHWESTERN,WISE,2,62.0
VIRGINIA,SOUTHWESTERN,WYTHE,28,62.0
VIRGINIA,WESTERN,ALLEGHANY,4,62.0
VIRGINIA,WESTERN,AUGUSTA,37,62.0
VIRGINIA,WESTERN,BOTETOURT,9,62.0
VIRGINIA,WESTERN,CRAIG,8,62.0
VIRGINIA,WESTERN,HIGHLAND,7,62.0
VIRGINIA,WESTERN,ROANOKE,9,62.0
VIRGINIA,WESTERN,ROCKBRIDGE,21,62.0
WASHINGTON,CENTRAL,BENTON,19,68.8
WASHINGTON,CENTRAL,CHELAN,27,68.8
WASHINGTON,CENTRAL,KITTITAS,21,68.8
WASHINGTON,CENTRAL,KLICKITAT,22,68.8
WASHINGTON,CENTRAL,OKANOGAN,33,68.8
WASHINGTON,CENTRAL,YAKIMA,30,68.8
WASHINGTON,EAST CENTRAL,ADAMS,5,68.8
WASHINGTON,EAST CENTRAL,DOUGLAS,4,68.8
WASHINGTON,EAST CENTRAL,FRANKLIN,7,68.8
WASHINGTON,EAST CENTRAL,GRANT,9,68.8
WASHINGTON,EAST CENTRAL,LINCOLN,3,68.8
WASHINGTON,NORTHEAST,FERRY,10,68.8
WASHINGTON,NORTHEAST,PEND OREILLE,5,68.8
WASHINGTON,NORTHEAST,SPOKANE,77,68.8
WASHINGTON,NORTHEAST,STEVENS,19,68.8
WASHINGTON,SOUTHEAST,COLUMBIA,5,68.8
WASHINGTON,SOUTHEAST,GARFIELD,4,68.8
WASHINGTON,SOUTHEAST,WALLA WALLA,9,68.8
WASHINGTON,SOUTHEAST,WHITMAN,12,68.8
WASHINGTON,WESTERN,CLALLAM,19,68.8
WASHINGTON,WESTERN,CLARK,63,68.8
WASHINGTON,WESTERN,COWLITZ,3,68.8
WASHINGTON,WESTERN,GRAYS HARBOR,16,68.8
WASHINGTON,WESTERN,ISLAND,26,68.8
WASHINGTON,WESTERN,JEFFERSON,5,68.8
WASHINGTON,WESTERN,KING,92,68.8
WASHINGTON,WESTERN,KITSAP,16,68.8
WASHINGTON,WESTERN,LEWIS,42,68.8
WASHINGTON,WESTERN,MASON,4,68.8
WASHINGTON,WESTERN,PACIFIC,7,68.8
WASHINGTON,WESTERN,PIERCE,50,68.8
WASHINGTON,WESTERN,SAN JUAN,13,68.8
WASHINGTON,WESTERN,SKAGIT,23,68.8
WASHINGTON,WESTERN,SKAMANIA,1,68.8
WASHINGTON,WESTERN,SNOHOMISH,55,68.8
WASHINGTON,WESTERN,THURSTON,38,68.8
WASHINGTON,WESTERN,WAHKIAKUM,9,68.8
WASHINGTON,WESTERN,WHATCOM,37,68.8
WEST VIRGINIA,EASTERN,BERKELEY,41,99.95
WEST VIRGINIA,EASTERN,GRANT,2,99.95
WEST VIRGINIA,EASTERN,GREENBRIER,32,99.95
WEST VIRGINIA,EASTERN,HAMPSHIRE,17,99.95
WEST VIRGINIA,EASTERN,HARDY,12,99.95
WEST VIRGINIA,EASTERN,JEFFERSON,17,99.95
WEST VIRGINIA,EASTERN,MINERAL,18,99.95
WEST VIRGINIA,EASTERN,MONROE,19,99.95
WEST VIRGINIA,EASTERN,MORGAN,13,99.95
WEST VIRGINIA,EASTERN,PENDLETON,8,99.95
WEST VIRGINIA,EASTERN,POCAHONTAS,7,99.95
WEST VIRGINIA,EASTERN,RANDOLPH,17,99.95
WEST VIRGINIA,EASTERN,SUMMERS,26,99.95
WEST VIRGINIA,EASTERN,TUCKER,4,99.95
WEST VIRGINIA,NORTHWEST,BARBOUR,20,99.95
WEST VIRGINIA,NORTHWEST,BROOKE,3,99.95
WEST VIRGINIA,NORTHWEST,DODDRIDGE,12,99.95
WEST VIRGINIA,NORTHWEST,HARRISON,31,99.95
WEST VIRGINIA,NORTHWEST,LEWIS,14,99.95
WEST VIRGINIA,NORTHWEST,MARION,20,99.95
WEST VIRGINIA,NORTHWEST,MARSHALL,24,99.95
WEST VIRGINIA,NORTHWEST,MONONGALIA,32,99.95
WEST VIRGINIA,NORTHWEST,OHIO,1,99.95
WEST VIRGINIA,NORTHWEST,PLEASANTS,2,99.95
WEST VIRGINIA,NORTHWEST,PRESTON,30,99.95
WEST VIRGINIA,NORTHWEST,RITCHIE,20,99.95
WEST VIRGINIA,NORTHWEST,TAYLOR,9,99.95
WEST VIRGINIA,NORTHWEST,TYLER,5,99.95
WEST VIRGINIA,NORTHWEST,UPSHUR,19,99.95
WEST VIRGINIA,NORTHWEST,WETZEL,2,99.95
WEST VIRGINIA,NORTHWEST,WOOD,29,99.95
WEST VIRGINIA,SOUTHWEST,BRAXTON,12,99.95
WEST VIRGINIA,SOUTHWEST,CABELL,8,99.95
WEST VIRGINIA,SOUTHWEST,CALHOUN,11,99.95
WEST VIRGINIA,SOUTHWEST,CLAY,22,99.95
WEST VIRGINIA,SOUTHWEST,FAYETTE,23,99.95
WEST VIRGINIA,SOUTHWEST,GILMER,7,99.95
WEST VIRGINIA,SOUTHWEST,JACKSON,26,99.95
WEST VIRGINIA,SOUTHWEST,KANAWHA,17,99.95
WEST VIRGINIA,SOUTHWEST,LINCOLN,2,99.95
WEST VIRGINIA,SOUTHWEST,MASON,14,99.95
WEST VIRGINIA,SOUTHWEST,MERCER,10,99.95
WEST VIRGINIA,SOUTHWEST,MINGO,5,99.95
WEST VIRGINIA,SOUTHWEST,NICHOLAS,10,99.95
WEST VIRGINIA,SOUTHWEST,PUTNAM,9,99.95
WEST VIRGINIA,SOUTHWEST,RALEIGH,9,99.95
WEST VIRGINIA,SOUTHWEST,ROANE,19,99.95
WEST VIRGINIA,SOUTHWEST,WAYNE,13,99.95
WEST VIRGINIA,SOUTHWEST,WEBSTER,6,99.95
WEST VIRGINIA,SOUTHWEST,WIRT,13,99.95
WISCONSIN,CENTRAL,ADAMS,4,94.5
WISCONSIN,CENTRAL,GREEN LAKE,14,94.5
WISCONSIN,CENTRAL,JUNEAU,5,94.5
WISCONSIN,CENTRAL,MARQUETTE,16,94.5
WISCONSIN,CENTRAL,PORTAGE,19,94.5
WISCONSIN,CENTRAL,WAUPACA,16,94.5
WISCONSIN,CENTRAL,WAUSHARA,11,94.5
WISCONSIN,CENTRAL,WOOD,12,94.5
WISCONSIN,EAST CENTRAL,BROWN,19,94.5
WISCONSIN,EAST CENTRAL,CALUMET,6,94.5
WISCONSIN,EAST CENTRAL,DOOR,22,94.5
WISCONSIN,EAST CENTRAL,FOND DU LAC,26,94.5
WISCONSIN,EAST CENTRAL,KEWAUNEE,11,94.5
WISCONSIN,EAST CENTRAL,MANITOWOC,29,94.5
WISCONSIN,EAST CENTRAL,OUTAGAMIE,10,94.5
WISCONSIN,EAST CENTRAL,SHEBOYGAN,24,94.5
WISCONSIN,EAST CENTRAL,WINNEBAGO,20,94.5
WISCONSIN,NORTH CENTRAL,ASHLAND,2,94.5
WISCONSIN,NORTH CENTRAL,CLARK,40,94.5
WISCONSIN,NORTH CENTRAL,IRON,1,94.5
WISCONSIN,NORTH CENTRAL,LINCOLN,6,94.5
WISCONSIN,NORTH CENTRAL,MARATHON,23,94.5
WISCONSIN,NORTH CENTRAL,ONEIDA,5,94.5
WISCONSIN,NORTH CENTRAL,PRICE,7,94.5
WISCONSIN,NORTH CENTRAL,TAYLOR,12,94.5
WISCONSIN,NORTH CENTRAL,VILAS,4,94.5
WISCONSIN,NORTHEAST,FLORENCE,1,94.5
WISCONSIN,NORTHEAST,FOREST,3,94.5
WISCONSIN,NORTHEAST,LANGLADE,4,94.5
WISCONSIN,NORTHEAST,MARINETTE,9,94.5
WISCONSIN,NORTHEAST,OCONTO,16,94.5
WISCONSIN,NORTHEAST,SHAWANO,13,94.5
WISCONSIN,NORTHWEST,BARRON,17,94.5
WISCONSIN,NORTHWEST,BAYFIELD,10,94.5
WISCONSIN,NORTHWEST,BURNETT,14,94.5
WISCONSIN,NORTHWEST,CHIPPEWA,22,94.5
WISCONSIN,NORTHWEST,DOUGLAS,12,94.5
WISCONSIN,NORTHWEST,POLK,35,94.5
WISCONSIN,NORTHWEST,RUSK,9,94.5
WISCONSIN,NORTHWEST,SAWYER,4,94.5
WISCONSIN,NORTHWEST,WASHBURN,9,94.5
WISCONSIN,SOUTH CENTRAL,COLUMBIA,32,94.5
WISCONSIN,SOUTH CENTRAL,DANE,73,94.5
WISCONSIN,SOUTH CENTRAL,DODGE,27,94.5
WISCONSIN,SOUTH CENTRAL,GREEN,33,94.5
WISCONSIN,SOUTH CENTRAL,JEFFERSON,25,94.5
WISCONSIN,SOUTH CENTRAL,ROCK,19,94.5
WISCONSIN,SOUTHEAST,KENOSHA,26,94.5
WISCONSIN,SOUTHEAST,MILWAUKEE,8,94.5
WISCONSIN,SOUTHEAST,OZAUKEE,2,94.5
WISCONSIN,SOUTHEAST,RACINE,23,94.5
WISCONSIN,SOUTHEAST,WALWORTH,32,94.5
WISCONSIN,SOUTHEAST,WASHINGTON,14,94.5
WISCONSIN,SOUTHEAST,WAUKESHA,32,94.5
WISCONSIN,SOUTHWEST,CRAWFORD,27,94.5
WISCONSIN,SOUTHWEST,GRANT,26,94.5
WISCONSIN,SOUTHWEST,IOWA,21,94.5
WISCONSIN,SOUTHWEST,LAFAYETTE,30,94.5
WISCONSIN,SOUTHWEST,RICHLAND,20,94.5
WISCONSIN,SOUTHWEST,SAUK,38,94.5
WISCONSIN,SOUTHWEST,VERNON,52,94.5
WISCONSIN,WEST CENTRAL,BUFFALO,17,94.5
WISCONSIN,WEST CENTRAL,DUNN,21,94.5
WISCONSIN,WEST CENTRAL,EAU CLAIRE,33,94.5
WISCONSIN,WEST CENTRAL,JACKSON,9,94.5
WISCONSIN,WEST CENTRAL,LA CROSSE,10,94.5
WISCONSIN,WEST CENTRAL,MONROE,25,94.5
WISCONSIN,WEST CENTRAL,PEPIN,1,94.5
WISCONSIN,WEST CENTRAL,PIERCE,17,94.5
WISCONSIN,WEST CENTRAL,ST CROIX,28,94.5
WISCONSIN,WEST CENTRAL,TREMPEALEAU,13,94.5
WYOMING,NORTHEAST,CAMPBELL,2,76.0
WYOMING,NORTHEAST,CROOK,7,76.0
WYOMING,NORTHEAST,JOHNSON,3,76.0
WYOMING,NORTHEAST,SHERIDAN,5,76.0
WYOMING,NORTHEAST,WESTON,2,76.0
WYOMING,NORTHWEST,BIG HORN,6,76.0
WYOMING,NORTHWEST,FREMONT,15,76.0
WYOMING,NORTHWEST,PARK,16,76.0
WYOMING,NORTHWEST,WASHAKIE,1,76.0
WYOMING,SOUTH CENTRAL,ALBANY,4,76.0
WYOMING,SOUTH CENTRAL,NATRONA,14,76.0
WYOMING,SOUTH CENTRAL,SWEETWATER,1,76.0
WYOMING,SOUTHEAST,GOSHEN,4,76.0
WYOMING,SOUTHEAST,LARAMIE,6,76.0
WYOMING,SOUTHEAST,PLATTE,4,76.0
WYOMING,WEST,LINCOLN,15,76.0
WYOMING,WEST,SUBLETTE,2,76.0
WYOMING,WEST,TETON,1,76.0
WYOMING,WEST,UINTA,4,76.0
